date,SMALL LoBM,ME1 BM2,ME1 BM3,ME1 BM4,SMALL HiBM,ME2 BM1,ME2 BM2,ME2 BM3,ME2 BM4,ME2 BM5,ME3 BM1,ME3 BM2,ME3 BM3,ME3 BM4,ME3 BM5,ME4 BM1,ME4 BM2,ME4 BM3,ME4 BM4,ME4 BM5,BIG LoBM,ME5 BM2,ME5 BM3,ME5 BM4,BIG HiBM
1990-11-01,-0.47,-0.13,0.08,-0.53,0.55,-3.0,0.14,-0.61,0.09,-0.05,-7.16,-3.19,-3.03,-5.32,-3.99,-5.36,-3.72,-4.8,-4.96,-5.44,-1.44,-4.08,-2.28,-1.39,-4.53
1990-12-01,-0.5,2.35,0.85,-0.6,0.95,1.24,1.76,1.8,1.68,1.81,2.75,0.97,-0.02,-0.14,0.06,-0.34,1.44,-0.23,0.63,0.82,2.64,3.35,2.75,0.94,0.1
1991-01-01,2.25,2.48,2.26,2.04,4.06,-0.03,1.66,1.8,2.77,2.03,0.31,0.73,1.62,-0.62,1.01,0.92,1.73,0.09,1.41,1.94,4.25,3.41,3.12,2.7,4.74
1991-02-01,11.62,10.69,9.84,10.04,10.37,13.03,12.47,11.7,9.46,11.44,13.71,12.23,14.0,13.67,13.02,13.45,11.63,12.48,13.48,12.64,9.3,7.43,7.91,9.22,10.28
1991-03-01,4.61,2.51,2.31,2.02,2.96,1.44,-0.06,-0.17,1.03,1.21,0.02,-0.81,-0.76,-1.4,0.43,-0.59,-1.35,-2.64,-1.49,-0.5,-0.82,-2.33,-2.17,-4.0,-3.45
1991-04-01,-0.06,-0.79,0.9,0.09,1.55,0.38,1.34,1.7,-0.18,1.06,0.01,-0.23,0.32,1.59,1.15,-0.14,-0.46,1.04,1.25,1.46,0.51,1.44,1.43,1.14,0.82
1991-05-01,1.34,1.44,1.68,0.82,1.17,-0.14,1.28,1.33,1.72,0.52,-0.55,0.6,1.25,1.23,0.68,0.28,0.7,-0.48,1.78,1.35,1.66,1.22,1.59,1.42,1.3
1991-06-01,-5.42,-5.3,-4.36,-3.49,-3.95,-5.38,-5.53,-4.22,-4.17,-4.02,-5.03,-5.99,-5.28,-3.72,-4.26,-5.55,-5.21,-5.24,-5.29,-4.75,-5.96,-6.4,-5.74,-6.64,-5.12
1991-07-01,1.79,3.3,2.91,3.71,2.54,2.07,3.85,1.38,2.09,1.99,2.09,3.22,1.98,2.12,2.35,3.29,2.27,2.44,3.21,3.39,5.38,3.33,5.24,4.91,4.05
1991-08-01,-0.82,1.27,1.05,1.09,0.65,-1.73,0.79,-0.14,0.04,-0.54,-0.72,-1.44,-2.51,-2.42,-1.9,-2.33,-0.98,-2.88,-2.17,-2.4,0.54,-0.8,-0.38,-0.99,-1.54
1991-09-01,6.06,5.27,4.24,3.68,2.41,3.5,4.02,5.0,2.0,2.43,3.74,4.46,4.51,3.58,3.28,5.31,4.3,4.45,5.85,3.59,1.96,3.04,3.29,4.07,3.23
1991-10-01,2.32,2.12,1.62,1.17,0.35,2.79,1.43,0.76,0.99,1.0,2.47,1.6,1.44,0.81,2.85,2.06,1.23,1.11,0.68,2.02,3.21,2.6,0.85,0.74,1.57
1991-11-01,-2.04,-2.03,-2.19,-0.88,-2.34,-3.74,-4.18,-4.72,-3.24,-5.57,-4.34,-5.8,-5.05,-5.48,-6.21,-6.0,-4.29,-6.8,-5.1,-5.98,-3.1,-4.86,-4.24,-5.12,-6.28
1991-12-01,5.24,4.65,3.94,2.33,3.31,6.97,5.11,3.51,3.72,4.61,7.74,6.0,4.66,4.4,5.57,7.42,5.85,5.47,5.76,5.48,10.68,6.54,5.11,6.46,5.79
1992-01-01,3.25,4.21,1.43,2.35,5.77,0.01,1.15,0.19,2.15,3.58,-0.86,0.07,1.03,0.47,2.17,-2.37,-0.42,-0.87,-0.66,1.39,-3.78,-3.68,-2.61,-0.91,0.06
1992-02-01,-0.6,0.77,2.04,1.34,3.78,-1.18,0.17,-0.12,0.39,2.17,-1.68,-0.19,-0.95,-0.58,1.85,-1.53,0.05,-0.92,-0.08,-0.29,-2.41,-2.63,-2.4,-1.31,-1.07
1992-03-01,-6.76,-4.1,-3.54,-1.91,-1.55,-7.58,-4.75,-3.69,-3.27,-2.53,-6.2,-5.21,-4.82,-4.35,-4.07,-6.0,-4.66,-4.48,-5.37,-5.11,-5.63,-5.97,-4.37,-3.97,-5.28
1992-04-01,-5.14,-0.71,1.97,0.44,-0.43,-3.91,-1.79,-1.25,-0.17,-0.8,-3.32,-0.4,-1.3,-1.65,-0.52,-4.06,-0.68,-0.34,0.52,0.87,-1.84,0.32,2.03,1.71,3.42
1992-05-01,2.48,3.73,4.8,4.5,3.59,4.83,3.97,4.98,4.7,5.79,4.09,4.75,5.59,4.72,6.14,5.01,5.19,5.39,5.28,5.03,4.22,3.54,4.47,4.55,4.36
1992-06-01,-3.67,-2.74,-1.4,-1.59,-2.57,-4.17,-4.05,-3.87,-2.61,-2.75,-4.08,-3.91,-2.35,-3.91,-2.59,-3.8,-3.72,-4.12,-2.38,-3.36,-4.4,-3.11,-3.37,-2.63,-2.98
1992-07-01,-1.91,-2.92,-1.01,-2.99,-1.03,-3.82,-2.21,-2.01,-2.28,-2.16,-1.87,-3.39,-3.57,-1.68,-3.93,-2.04,-1.52,-1.24,-2.27,-4.03,2.21,0.11,0.47,-0.28,-1.91
1992-08-01,-1.92,-2.24,-1.05,-0.68,-1.83,-0.57,0.21,2.06,1.54,0.15,1.82,0.65,1.57,1.28,1.67,3.26,3.18,3.25,3.13,2.23,4.9,4.37,1.96,1.23,0.95
1992-09-01,0.2,-2.71,-1.56,-3.06,-1.41,-0.06,0.0,-0.21,-1.67,-1.67,-0.56,-1.44,-1.25,-1.61,-2.55,-2.51,-0.89,-1.71,-1.9,-2.61,-0.9,-1.03,-0.31,-0.91,-1.81
1992-10-01,-2.5,-3.86,-3.62,-4.9,-2.58,-2.8,-2.39,-2.85,-2.82,-3.04,-2.39,-3.63,-3.83,-2.43,-2.15,-2.08,-4.41,-3.9,-2.08,-3.02,-1.4,-3.25,-3.62,-3.93,-1.7
1992-11-01,4.97,4.34,2.28,1.42,2.76,4.0,2.66,1.59,0.62,0.88,3.87,1.8,1.01,0.8,0.69,2.93,2.96,1.58,0.85,0.94,2.83,2.75,1.0,0.75,2.63
1992-12-01,2.72,2.41,2.99,3.57,3.3,1.69,2.25,1.41,2.0,3.26,0.33,3.73,1.72,2.31,2.38,0.04,1.14,1.22,0.44,1.91,-0.56,1.36,1.41,0.83,1.75
1993-01-01,1.12,2.07,3.1,2.56,5.84,0.33,2.07,1.42,2.77,3.67,-0.66,2.08,1.18,1.61,1.57,-0.23,0.97,1.38,1.18,1.7,-1.72,0.09,-0.03,1.15,3.47
1993-02-01,-2.85,-1.02,0.75,2.53,2.53,-1.18,-1.08,1.78,2.46,3.9,-1.22,1.44,2.44,2.81,3.38,-0.66,1.6,3.3,2.66,2.65,-0.32,2.58,3.92,4.4,2.6
1993-03-01,4.99,6.08,6.4,7.84,6.91,7.81,6.54,6.69,7.53,7.16,7.96,7.16,7.6,7.94,10.44,8.88,7.67,7.95,7.78,10.31,4.06,8.58,6.23,6.3,8.67
1993-04-01,3.44,3.59,3.86,5.71,3.47,5.35,4.42,5.42,6.0,6.34,5.07,3.99,6.63,6.91,9.19,4.45,4.1,6.47,7.31,7.76,1.24,4.49,4.91,4.83,7.22
1993-05-01,9.74,6.54,7.83,7.11,6.88,7.5,7.03,7.89,7.66,6.72,7.13,6.11,5.67,5.91,6.85,5.25,4.18,3.76,4.63,4.08,4.14,2.88,2.28,1.62,0.57
1993-06-01,-3.13,-2.61,-2.71,-1.75,-0.53,-2.25,-2.55,-2.8,-3.02,-2.22,-3.64,-1.02,-4.12,-1.91,-3.37,-3.79,-3.11,-2.63,-2.24,-2.17,-2.14,-1.59,-1.38,-1.36,-1.04
1993-07-01,-0.67,-0.06,0.99,1.75,2.5,0.32,0.27,-0.16,1.3,1.52,1.45,1.03,2.69,2.05,1.38,1.14,2.55,2.4,3.26,3.0,1.13,2.91,2.88,3.89,3.39
1993-08-01,5.11,5.27,5.7,5.64,6.81,5.32,5.47,5.56,5.77,5.54,4.28,4.87,4.84,5.66,5.67,4.36,4.83,5.25,4.53,4.94,4.49,3.65,4.48,4.93,5.3
1993-09-01,-1.12,0.63,0.46,0.15,1.11,-0.6,0.7,0.2,0.19,-1.19,-0.65,-0.36,-0.62,-0.13,-1.57,-1.1,-0.06,-1.56,-1.84,-2.48,-2.09,-3.07,-1.88,-1.0,-1.59
1993-10-01,4.24,2.72,3.47,2.31,3.2,0.87,1.87,1.05,-0.22,0.44,0.02,-0.32,-1.02,-0.85,0.08,-0.54,-0.45,-0.74,-0.49,0.09,3.02,1.39,1.66,0.6,1.55
1993-11-01,-3.76,-2.12,-2.16,-1.34,-2.21,-4.71,-4.5,-4.13,-5.52,-4.8,-6.08,-6.9,-7.25,-6.28,-7.08,-6.4,-6.16,-6.41,-7.16,-6.54,-3.99,-7.91,-5.62,-6.36,-6.66
1993-12-01,3.48,4.72,3.94,5.77,4.92,3.02,4.62,5.01,5.33,5.3,4.07,5.26,4.78,5.72,7.19,4.02,4.77,5.89,6.21,7.02,2.5,3.72,4.32,4.22,6.63
1994-01-01,6.62,7.35,7.72,7.52,10.05,5.93,5.87,6.0,8.42,10.55,7.93,7.42,8.3,7.4,11.23,7.63,6.95,8.24,6.8,11.06,4.42,9.13,7.26,6.11,10.6
1994-02-01,-1.38,0.16,1.03,0.11,0.84,-0.88,-0.23,1.19,0.4,0.41,0.51,1.31,0.79,0.69,0.2,-0.39,0.22,-0.75,-0.19,-0.56,-1.73,-0.79,-1.23,-2.28,-0.7
1994-03-01,-5.26,-4.64,-3.94,-2.34,-2.75,-2.99,-4.09,-2.97,-2.48,-1.54,-2.84,-2.15,-2.59,-1.15,-1.17,-3.5,-2.97,-1.86,-1.38,-1.25,-4.68,-4.16,-3.4,-3.21,-2.74
1994-04-01,-0.67,1.63,2.01,1.64,2.74,0.9,2.49,1.79,3.16,4.38,2.55,3.12,3.04,3.17,4.52,0.46,2.68,2.31,2.26,2.95,2.8,2.12,2.99,3.22,2.43
1994-05-01,-2.05,-1.45,-1.29,-0.57,-0.07,-1.67,-2.37,-1.01,-1.0,0.25,-1.15,-2.76,-1.04,-0.89,-0.95,-1.75,-1.31,-0.19,-0.99,-0.85,-0.32,0.36,0.34,0.48,2.17
1994-06-01,-1.07,-1.94,-1.74,-1.97,-0.23,-1.41,-1.99,-0.17,0.81,1.5,0.0,0.82,0.48,1.49,1.07,-0.35,0.18,0.04,2.18,1.17,-0.32,0.55,0.51,0.61,0.64
1994-07-01,0.4,0.0,1.65,0.59,1.24,0.29,1.44,0.32,1.39,0.89,1.73,0.99,1.86,1.4,1.54,1.68,1.84,1.64,2.46,0.97,0.85,0.73,1.63,2.92,1.26
1994-08-01,2.78,2.62,3.31,1.79,1.75,4.29,2.02,3.33,1.36,1.44,4.4,2.81,3.44,1.44,0.62,2.74,2.6,2.88,0.98,1.87,3.16,3.2,2.6,1.15,2.1
1994-09-01,0.61,0.33,0.81,0.5,1.04,-1.11,-1.45,-0.93,-0.54,-1.27,-2.01,-1.9,-3.04,-1.61,-1.87,-1.82,-2.7,-2.27,-2.74,-2.22,-2.12,-2.74,-3.25,-2.89,-3.25
1994-10-01,-0.12,0.59,0.34,0.68,0.53,1.24,0.75,0.9,0.4,0.86,1.74,0.51,1.21,1.45,0.3,2.34,1.47,1.22,0.87,0.79,2.63,2.55,3.79,3.54,2.43
1994-11-01,-5.38,-5.16,-4.38,-4.44,-4.07,-4.8,-5.52,-5.08,-4.35,-5.14,-6.16,-5.02,-4.93,-5.58,-6.43,-5.74,-6.6,-5.1,-4.73,-6.34,-3.94,-4.89,-4.84,-4.4,-4.89
1994-12-01,-1.42,-0.48,0.19,-0.22,-0.06,1.1,0.77,2.24,1.54,0.79,1.58,1.09,1.03,2.22,1.93,2.12,1.81,1.12,1.31,2.03,1.36,1.39,1.5,0.47,0.24
1995-01-01,-0.87,-0.28,-0.57,0.16,0.78,-3.53,-2.23,-2.13,-0.88,-1.51,-3.62,-3.05,-2.28,-2.55,-3.08,-2.28,-1.72,-2.32,-1.69,-2.15,-1.61,-2.21,-2.18,-1.51,-1.12
1995-02-01,1.85,1.52,2.2,2.24,2.12,0.22,2.09,1.14,0.51,1.66,1.17,1.15,0.42,0.55,0.56,1.37,1.55,0.85,0.33,0.52,0.87,1.33,0.25,0.59,2.36
1995-03-01,1.12,2.02,2.51,2.28,1.58,4.22,3.1,2.93,2.5,2.24,3.87,3.22,3.45,1.82,3.02,4.25,4.47,3.71,2.83,2.8,5.08,6.17,5.24,4.81,3.74
1995-04-01,2.47,1.27,2.89,1.39,2.52,1.28,2.03,3.19,1.66,1.79,0.67,2.1,2.2,3.02,2.65,2.12,1.97,3.51,2.98,3.2,3.27,3.68,3.25,3.04,3.34
1995-05-01,1.91,1.07,1.15,0.89,1.63,0.13,0.74,0.8,0.32,0.71,-1.18,-1.4,-1.39,-0.63,-0.5,-0.58,-0.72,-0.95,-0.45,-0.88,0.87,0.14,-0.44,1.46,2.09
1995-06-01,3.36,3.78,4.76,2.52,3.26,3.19,3.99,2.08,1.28,0.97,2.56,1.3,0.06,0.89,-0.15,3.48,0.22,1.34,0.41,0.06,0.49,-0.23,0.01,-0.27,0.52
1995-07-01,6.33,5.97,4.82,3.97,4.0,8.19,5.58,5.0,4.35,3.29,7.2,5.56,4.41,5.5,4.24,7.45,4.78,5.28,3.93,4.15,4.26,5.32,4.88,4.54,4.08
1995-08-01,2.88,2.58,1.74,1.51,0.63,0.04,-0.53,0.98,0.54,-0.02,0.71,-0.06,-1.31,-0.36,-0.69,-0.46,-0.93,-1.39,-1.37,-0.82,-1.35,-2.04,-1.78,-1.92,-0.79
1995-09-01,1.48,2.15,1.11,0.61,1.52,0.63,1.29,0.59,1.16,0.32,1.21,0.86,0.7,1.01,-0.24,2.7,0.69,-0.29,0.27,-0.0,3.32,2.26,2.02,2.52,2.22
1995-10-01,-2.06,-2.0,-3.47,-2.8,-2.37,-3.94,-3.17,-3.06,-2.88,-3.03,-2.85,-3.51,-4.54,-3.57,-3.23,-0.5,-2.87,-1.86,-1.25,-2.65,-0.65,-1.54,-1.15,-1.68,-1.64
1995-11-01,1.51,-0.3,0.96,-0.32,0.64,2.86,1.94,1.13,1.7,3.94,2.19,1.92,2.22,1.62,3.56,3.64,2.04,1.77,2.69,2.51,3.38,3.43,3.42,3.02,3.38
1995-12-01,3.43,2.45,3.27,1.46,1.99,3.29,2.67,2.83,4.04,3.0,2.83,2.06,3.04,3.66,3.14,2.59,2.48,2.04,2.94,3.86,1.23,2.99,3.21,3.47,2.8
1996-01-01,2.34,2.72,1.45,2.63,1.97,1.49,1.1,0.75,1.45,1.52,0.24,2.14,2.03,1.86,1.82,-0.31,1.73,1.93,1.64,1.43,1.3,1.03,2.07,1.72,2.48
1996-02-01,2.86,2.39,3.06,2.34,2.68,1.91,3.02,1.59,1.27,1.64,3.79,2.51,1.34,1.47,1.43,3.73,2.07,1.94,1.19,1.14,0.53,0.87,0.53,0.78,0.62
1996-03-01,2.96,1.4,2.58,2.53,1.96,1.89,1.78,1.81,2.56,1.21,1.44,2.84,2.1,1.36,2.2,2.99,2.33,2.4,1.81,2.32,0.74,1.63,1.64,2.14,1.05
1996-04-01,7.23,7.24,6.46,5.73,5.28,8.94,6.58,6.51,4.35,5.3,5.99,5.15,5.24,4.68,5.11,5.49,4.09,4.77,4.42,3.47,2.09,3.4,2.54,2.5,1.27
1996-05-01,4.88,5.1,4.01,4.41,4.12,2.66,3.05,1.12,2.33,2.54,0.95,1.83,0.81,-0.27,0.92,0.85,0.25,-0.54,-0.81,0.26,1.37,-0.06,-0.53,0.38,0.6
1996-06-01,-4.04,-3.93,-4.01,-2.44,-1.82,-4.42,-2.34,-1.81,-0.82,-1.2,-2.21,-2.97,-1.88,-0.96,-0.83,-3.78,-0.8,-0.6,0.0,0.09,0.77,-0.51,0.02,1.34,0.36
1996-07-01,-8.17,-7.1,-5.0,-3.49,-2.82,-10.49,-8.29,-5.3,-4.79,-3.77,-8.81,-6.85,-5.26,-4.26,-4.29,-6.67,-4.27,-4.52,-3.83,-4.01,-4.37,-4.16,-3.05,-3.13,-3.09
1996-08-01,2.08,3.7,2.62,2.17,1.93,3.95,2.51,2.53,2.41,1.05,3.55,3.69,2.63,2.14,1.3,2.75,1.9,0.96,2.14,1.1,0.52,0.83,1.43,1.4,1.77
1996-09-01,-0.09,1.05,0.62,0.69,1.12,1.82,1.88,0.79,0.93,0.83,2.14,1.25,2.34,1.16,0.8,4.02,2.34,1.84,2.65,1.85,4.75,4.31,4.08,3.28,3.41
1996-10-01,-1.94,-0.22,-0.3,1.31,1.47,-2.67,-1.43,0.42,1.29,-0.19,-3.26,-2.5,-1.62,-0.2,-0.48,-2.9,-0.94,-1.42,0.08,0.42,-1.09,0.25,0.93,1.07,2.12
1996-11-01,0.1,1.61,2.04,2.59,3.33,0.54,1.93,2.17,2.58,2.53,0.65,1.62,3.04,2.44,2.57,2.07,2.08,2.71,3.24,4.95,4.59,5.86,5.69,6.22,6.97
1996-12-01,-2.34,0.26,0.3,0.91,0.73,-1.43,-0.85,-0.37,0.59,-1.0,-0.93,-1.71,-0.64,-0.64,-1.1,-1.45,-1.72,-1.73,-0.91,-0.47,-2.16,-1.76,-0.6,-1.04,-1.33
1997-01-01,1.05,1.53,2.36,2.25,2.2,0.54,-0.39,1.09,-0.28,-0.77,-0.55,-0.78,0.95,-0.47,-0.46,-1.28,-2.29,-0.81,-0.41,0.67,0.77,0.13,0.82,0.6,1.42
1997-02-01,-0.48,0.47,-0.41,1.36,1.64,-1.7,-2.52,-1.49,0.7,0.56,-3.34,-1.57,-0.81,1.32,1.71,-2.14,-0.94,0.4,0.44,1.52,1.44,0.71,-0.38,1.56,2.19
1997-03-01,-4.88,-4.06,-2.28,-1.41,-1.2,-6.41,-4.75,-2.84,-2.28,-2.07,-6.14,-4.22,-2.4,-2.11,-1.56,-5.89,-1.92,-3.54,-1.79,-1.87,-3.55,-2.29,-0.3,-1.42,-2.77
1997-04-01,-3.29,-4.53,-2.76,-2.05,-1.24,-3.46,-2.35,-1.22,-1.16,-1.08,-2.16,-1.08,-0.18,0.88,-0.51,-0.54,0.07,0.87,0.69,0.33,4.58,3.38,2.56,2.23,2.53
1997-05-01,7.27,6.97,7.14,7.58,6.64,10.29,11.0,10.19,8.59,8.75,11.62,10.57,8.61,7.96,7.72,10.64,8.78,7.77,8.19,6.83,8.7,6.76,6.72,5.6,7.18
1997-06-01,0.88,1.52,2.85,2.56,3.92,0.91,1.66,3.57,2.89,4.17,1.43,3.14,2.57,4.11,4.4,2.45,2.81,3.3,3.71,3.06,5.16,4.57,4.42,4.95,4.62
1997-07-01,-1.56,0.42,-0.77,1.35,0.82,-2.5,-1.09,0.89,0.08,-1.4,1.61,1.87,0.39,0.69,0.51,1.97,1.62,2.76,2.38,2.03,5.48,4.85,5.09,5.2,5.47
1997-08-01,1.18,0.35,0.25,1.16,0.87,0.22,1.02,-0.29,0.24,-1.54,-0.68,-1.98,-0.23,-1.82,-2.72,-3.3,-2.99,-2.79,-2.91,-3.66,-7.68,-5.99,-5.37,-5.54,-5.23
1997-09-01,2.83,5.86,4.64,3.41,3.92,3.38,3.36,4.42,4.13,1.03,5.43,4.65,3.89,3.33,3.0,3.61,5.33,3.55,3.88,3.23,5.33,6.05,5.36,7.69,6.63
1997-10-01,-4.93,-4.76,-4.47,-5.46,-3.14,-4.94,-4.14,-5.08,-3.26,-3.74,-5.73,-5.23,-4.7,-4.56,-2.69,-5.31,-4.66,-4.77,-3.84,-4.39,-4.89,-6.0,-6.36,-5.05,-4.26
1997-11-01,-6.95,-4.65,-4.61,-4.06,-3.8,-4.57,-3.64,-4.62,-3.41,-5.66,-5.22,-4.57,-3.8,-2.76,-3.8,-1.75,-3.26,-2.61,-1.32,-2.8,3.04,2.43,0.82,1.04,1.34
1997-12-01,-4.33,-4.36,-3.51,-2.56,-1.91,-3.29,-3.6,-3.14,-1.25,-2.07,-1.1,-2.36,-1.02,-0.87,0.7,-2.77,-1.21,-0.72,-0.83,0.34,0.82,1.27,1.06,2.27,3.25
1998-01-01,1.85,1.96,0.84,-0.08,1.82,3.49,0.93,2.06,0.33,4.11,2.53,1.06,1.84,0.34,3.3,2.22,0.54,0.64,1.84,2.96,5.03,1.52,0.91,0.73,2.14
1998-02-01,6.16,5.95,5.36,5.55,6.68,7.9,7.75,7.14,7.29,7.84,7.56,7.67,7.13,7.48,7.53,6.97,8.06,6.95,5.97,8.14,6.41,5.94,7.73,7.23,7.72
1998-03-01,3.82,4.58,4.82,4.01,4.41,4.13,3.24,3.25,2.69,3.51,3.82,2.88,3.42,4.45,4.94,3.7,4.2,4.35,3.57,5.94,2.51,3.95,3.82,6.85,6.87
1998-04-01,2.73,2.19,2.58,2.81,1.94,0.92,1.56,1.89,0.13,0.48,0.83,1.44,1.66,1.3,0.51,0.99,2.77,1.33,-0.01,-0.59,0.6,0.82,2.48,1.55,0.51
1998-05-01,-2.03,-1.36,-1.81,-1.38,-1.11,-2.83,-1.68,-3.72,-2.34,-1.31,-4.24,-2.04,-2.41,-1.88,-0.27,-2.89,-1.07,-2.41,-1.52,-0.41,-2.0,-0.43,-2.15,0.07,0.45
1998-06-01,-3.84,-0.72,-2.06,-2.83,-2.81,-0.7,-1.78,-2.92,-2.62,-1.47,-1.12,-1.73,-1.28,-2.58,-1.27,1.82,-1.23,-1.52,-1.74,-1.6,5.37,0.55,1.65,0.7,2.15
1998-07-01,-3.83,-4.87,-4.56,-3.9,-3.45,-3.29,-5.92,-4.15,-4.76,-4.2,-3.57,-3.99,-4.79,-3.38,-4.89,-1.86,-3.64,-2.47,-2.77,-4.08,0.2,-0.11,0.06,0.44,-1.31
1998-08-01,-16.55,-15.99,-16.0,-14.65,-12.5,-18.23,-17.47,-14.28,-14.07,-13.23,-15.86,-16.76,-14.41,-13.24,-13.34,-14.85,-14.91,-15.24,-14.56,-12.89,-11.07,-13.77,-14.46,-15.9,-16.02
1998-09-01,0.72,-0.19,0.49,0.71,-1.21,3.13,1.78,0.71,2.04,-0.8,2.41,0.82,1.84,1.95,0.18,1.83,1.69,1.41,2.38,0.92,4.2,2.29,-1.66,0.49,-1.18
1998-10-01,2.46,3.82,3.88,4.24,6.35,5.06,5.34,3.9,5.91,6.69,6.14,6.8,6.59,6.57,9.18,8.58,9.57,8.96,7.47,7.93,8.13,10.47,8.56,8.8,9.86
1998-11-01,6.73,3.44,4.99,4.57,5.1,6.88,3.82,5.67,4.05,5.35,5.57,3.99,3.63,2.85,3.01,6.59,3.03,2.73,2.93,3.46,6.47,5.14,5.51,5.89,4.51
1998-12-01,1.95,2.23,0.18,1.16,0.03,4.57,4.26,2.63,2.88,1.22,6.92,4.16,4.21,2.79,2.83,5.76,5.17,3.17,2.55,1.45,7.04,5.43,2.17,2.91,3.22
1999-01-01,5.39,3.89,3.41,2.02,0.77,5.23,1.15,-0.07,-0.48,-0.76,2.95,0.82,0.56,-2.25,-2.03,4.83,-1.17,-2.35,-1.4,-1.27,4.29,0.49,1.96,0.98,0.07
1999-02-01,-0.67,-3.22,-3.79,-2.04,-1.41,-3.09,-3.29,-3.79,-4.6,-4.72,-3.88,-4.38,-4.82,-3.99,-3.92,-3.98,-5.19,-3.66,-3.65,-2.13,-3.58,-2.6,-0.89,-2.54,-2.22
1999-03-01,1.55,2.64,-0.05,0.46,4.98,2.67,0.38,1.52,2.14,5.16,5.76,2.34,5.85,2.71,5.21,3.73,4.03,2.49,2.6,3.73,4.87,3.79,3.23,3.22,4.04
1999-04-01,5.02,6.34,10.5,8.76,11.74,9.49,8.26,6.45,6.95,8.55,5.59,8.34,8.24,6.41,8.16,4.69,5.92,7.43,6.31,8.57,0.45,5.38,8.49,4.82,7.12
1999-05-01,0.67,0.1,2.55,3.03,0.83,-1.75,-0.22,0.92,0.83,-0.48,-1.39,0.36,-1.57,-0.25,-1.01,-0.03,-0.89,-0.55,-0.47,-1.67,-3.84,-2.66,-3.12,-2.81,-3.49
1999-06-01,6.87,6.46,8.9,9.8,10.0,8.35,8.18,7.26,6.09,7.46,8.04,4.59,5.42,2.56,5.69,6.75,6.27,3.28,3.25,4.82,7.12,4.07,3.45,1.94,3.11
1999-07-01,3.71,3.34,4.2,2.56,3.65,1.31,1.4,1.42,2.12,1.73,0.72,1.4,0.94,2.32,2.16,2.42,1.57,1.03,0.59,1.63,-1.31,0.99,-0.88,-0.71,0.48
1999-08-01,3.5,3.43,3.74,1.03,0.96,3.01,1.99,0.23,0.73,0.22,1.42,-0.22,-0.8,-1.38,0.1,5.09,-0.77,-2.09,-0.04,-0.0,2.3,-2.73,-0.15,-1.32,1.4
1999-09-01,3.19,2.75,1.76,0.53,-0.05,3.25,2.65,1.63,1.01,0.41,2.78,2.98,0.29,-0.77,-0.18,2.37,-0.33,-1.51,-0.64,-1.78,0.35,0.34,-2.0,-1.87,-0.61
1999-10-01,1.42,1.63,0.84,-0.39,-1.46,1.52,3.79,-1.37,-1.21,-2.02,5.09,0.63,-0.39,-1.41,-1.29,6.55,0.19,0.94,0.94,1.61,8.31,4.36,5.02,4.9,4.73
1999-11-01,13.75,8.18,8.73,4.25,0.56,10.07,5.53,3.68,1.28,-0.63,10.65,7.69,5.32,-1.17,-1.9,13.17,3.33,1.08,-1.38,-1.45,7.46,3.48,2.41,-0.93,-3.06
1999-12-01,14.99,10.63,12.07,4.13,2.78,10.28,8.71,6.52,2.95,0.23,11.39,9.36,6.23,1.2,3.05,15.55,4.35,7.64,2.05,4.01,9.1,8.06,7.68,4.42,2.54
2000-01-01,8.09,5.49,4.13,2.64,1.67,2.02,-1.21,-1.73,-3.37,-1.81,-0.85,-1.9,-5.18,-1.72,-4.43,-4.35,-3.4,-3.91,-3.54,-6.05,-5.94,-6.21,-5.26,-6.38,-5.48
2000-02-01,23.46,21.63,21.93,8.62,7.55,21.86,14.96,11.4,2.99,2.5,16.64,13.7,3.59,0.71,-0.4,21.0,2.47,0.76,-3.0,-2.19,2.12,1.03,0.37,-0.73,-6.58
2000-03-01,-9.5,-9.05,-11.61,-3.66,0.01,-10.95,-4.38,-3.53,3.71,2.21,-5.18,-6.35,0.79,6.3,6.16,-6.29,5.41,6.04,7.29,7.42,5.62,7.93,7.31,7.54,10.12
2000-04-01,-20.57,-14.78,-13.74,-10.9,-9.74,-15.72,-10.82,-7.23,-5.6,-4.65,-9.01,-8.37,-2.86,-3.4,-3.93,-9.85,-5.57,-4.52,0.46,-1.21,-5.78,-4.6,-3.51,-2.89,-2.48
2000-05-01,-8.46,-5.6,-4.27,-2.61,-1.24,-5.71,-4.67,-2.47,-1.06,-0.07,-4.19,-1.09,-0.27,1.27,2.37,-7.6,-0.63,0.47,0.07,1.5,-4.76,-3.66,-0.57,2.6,0.17
2000-06-01,13.37,10.89,14.04,8.64,9.39,5.46,5.03,8.59,4.2,7.66,10.71,9.23,2.71,3.81,5.7,8.82,2.66,4.42,1.31,2.45,5.25,0.66,0.79,1.09,0.49
2000-07-01,-7.86,-5.15,-3.05,-2.02,-2.2,-8.15,-4.53,-2.69,-2.71,-2.15,-6.08,-7.53,-4.83,-1.14,-0.68,-6.07,-3.95,-2.68,-2.33,0.42,-5.34,-4.62,0.22,2.13,0.63
2000-08-01,2.77,2.0,2.37,2.87,3.47,5.87,5.34,3.32,3.81,4.93,7.85,5.23,6.17,3.87,4.63,8.55,7.52,5.6,4.79,4.18,6.9,3.15,4.55,2.47,3.39
2000-09-01,-6.05,-6.19,-4.91,-3.84,-2.4,-8.06,-4.96,-4.99,-1.43,-1.67,-8.59,-4.76,-3.47,-3.09,-0.58,-6.56,-5.79,-2.66,-0.85,-0.57,-6.89,-7.34,-1.85,-2.55,2.92
2000-10-01,-14.23,-9.56,-7.94,-6.49,-5.3,-12.75,-7.95,-6.09,-2.4,-3.5,-14.75,-8.11,-4.0,-2.87,-1.19,-10.01,-4.38,-0.9,-0.21,-0.62,-6.24,-0.14,-0.45,-0.42,1.08
2000-11-01,-14.73,-10.08,-6.15,-3.3,-1.33,-17.17,-11.6,-5.59,-3.36,-0.06,-19.99,-12.31,-4.19,-2.06,1.64,-16.01,-9.88,-3.15,-0.86,2.67,-11.9,-5.65,-4.86,-5.2,-0.5
2000-12-01,-1.36,-1.59,2.61,3.38,2.48,-0.24,2.92,4.52,6.5,5.88,0.63,3.44,4.84,8.1,7.22,0.84,3.57,6.33,5.95,7.88,-5.78,0.23,5.74,7.46,6.01
2001-01-01,5.81,6.7,5.98,5.91,4.87,8.63,4.1,3.24,3.69,1.83,7.39,3.64,1.19,1.18,-0.99,5.08,3.65,0.59,0.71,-0.81,4.08,2.22,0.97,2.72,-2.35
2001-02-01,-8.88,-7.76,-5.63,-3.25,0.16,-12.68,-9.1,-3.6,-1.18,0.99,-16.4,-8.65,-5.4,-1.65,1.26,-16.39,-7.38,-5.38,-0.49,0.93,-17.71,-7.31,-6.05,-6.18,-0.87
2001-03-01,-10.92,-9.88,-6.59,-5.09,-3.49,-13.76,-9.36,-6.93,-4.26,-4.21,-12.46,-11.96,-6.29,-5.46,-4.44,-12.95,-8.67,-7.44,-4.88,-3.85,-11.84,-6.26,-6.61,-4.87,-3.84
2001-04-01,5.55,5.58,7.38,6.66,6.64,8.36,6.37,7.14,6.88,7.19,12.4,9.13,7.13,6.28,7.04,15.0,11.14,8.77,8.19,5.86,12.74,6.69,7.36,5.67,3.47
2001-05-01,-1.38,0.88,2.21,4.04,4.61,-0.98,0.34,1.01,2.0,1.88,2.26,3.23,0.5,2.03,1.31,-1.34,1.93,-0.22,0.59,2.11,-2.51,-2.09,0.03,-1.56,0.91
2001-06-01,-4.69,-2.15,-0.01,2.04,1.08,-4.18,0.92,2.46,1.27,1.61,-3.97,-0.81,-0.19,-0.76,-1.15,-2.61,0.44,-1.31,-1.63,-1.73,-4.97,-2.91,-2.5,-1.67,-0.34
2001-07-01,-9.7,-6.5,-5.63,-3.64,-2.36,-6.57,-7.87,-4.57,-4.12,-2.99,-9.07,-3.58,-3.08,-3.39,-1.34,-5.89,-3.45,-2.9,-1.01,-0.08,-1.09,-2.57,-1.5,-1.78,-2.84
2001-08-01,-5.67,-4.1,-2.06,-0.44,0.72,-3.7,-5.19,-1.15,-0.8,0.71,-4.46,-3.87,-2.46,-0.17,-0.06,-6.35,-3.46,-2.2,-1.88,-0.21,-6.68,-4.67,-3.49,-1.06,-6.83
2001-09-01,-18.49,-17.39,-14.3,-12.9,-10.9,-19.12,-15.35,-13.42,-12.27,-11.87,-17.03,-14.18,-12.69,-11.89,-12.52,-14.77,-12.52,-11.14,-10.77,-13.21,-6.03,-8.83,-11.46,-10.26,-9.74
2001-10-01,8.77,8.42,5.93,5.61,3.59,9.69,8.0,5.75,4.15,2.3,12.38,8.24,5.23,3.75,2.23,9.3,6.4,2.51,2.22,2.33,4.05,1.93,2.33,0.69,-0.9
2001-11-01,6.1,6.52,7.06,4.33,2.45,5.04,8.64,4.36,4.74,3.66,8.21,6.24,4.81,4.14,4.78,8.09,6.71,4.6,4.26,6.11,6.75,5.44,4.53,4.98,8.53
2001-12-01,-0.96,1.27,0.59,0.08,0.0,0.67,3.1,0.78,2.13,1.52,-0.07,3.38,2.59,2.98,1.45,-0.24,1.69,2.26,1.74,2.65,-0.5,0.69,1.09,1.59,1.6
2002-01-01,-2.45,-3.06,-2.02,-0.52,1.48,-5.81,-4.24,-3.0,-0.66,-0.29,-4.86,-3.08,-2.3,-1.48,0.11,-4.59,-3.43,-2.53,-0.08,-0.28,-2.87,-2.35,-3.98,-1.75,-7.09
2002-02-01,-4.26,-3.88,-2.48,-0.16,1.24,-5.0,-3.73,-0.25,0.08,3.26,-3.86,-2.39,0.63,1.7,2.55,-3.7,0.09,1.53,2.57,1.5,-1.27,-0.58,0.22,0.0,-3.33
2002-03-01,2.54,4.47,5.64,4.71,6.03,4.98,6.71,6.89,6.21,6.24,6.98,6.78,6.41,6.04,5.45,6.94,5.42,6.21,5.56,4.4,2.44,4.99,6.48,4.86,4.61
2002-04-01,-3.81,-1.87,1.01,2.23,4.6,-1.75,-0.73,3.37,3.82,4.75,-4.67,0.57,2.65,2.42,3.43,-4.18,1.61,1.64,2.21,1.57,-6.73,-3.86,-0.7,1.89,-4.91
2002-05-01,-1.63,0.79,0.52,3.81,4.82,-0.33,-0.19,0.91,1.67,1.9,-1.5,-0.56,0.34,0.77,1.89,-0.75,0.41,2.11,2.53,1.89,-2.04,1.24,0.61,1.43,1.03
2002-06-01,-6.55,-3.92,-3.51,-2.29,-0.43,-5.67,-4.6,-3.05,-1.95,-1.27,-7.61,-4.26,-4.9,-3.72,-3.23,-7.05,-5.3,-5.31,-4.4,-3.87,-5.84,-5.61,-5.51,-4.2,-7.9
2002-07-01,-10.19,-11.4,-8.84,-8.77,-6.58,-10.75,-11.87,-10.45,-9.64,-9.48,-10.31,-9.8,-10.64,-9.77,-9.99,-10.37,-9.92,-8.72,-7.77,-10.26,-6.01,-9.43,-10.03,-8.71,-9.14
2002-08-01,-2.8,-0.78,-1.21,-0.89,-0.76,-1.6,-1.98,-0.44,-1.26,-0.39,-0.67,-0.58,0.76,0.93,-0.19,-0.66,1.0,0.21,0.03,0.24,0.17,-0.28,0.14,1.11,4.13
2002-09-01,-12.2,-11.85,-10.28,-8.67,-6.24,-9.76,-9.56,-7.74,-6.61,-6.06,-8.74,-7.25,-7.48,-6.83,-6.63,-10.9,-7.62,-8.82,-9.78,-10.12,-9.77,-11.47,-11.44,-11.47,-11.17
2002-10-01,1.68,2.12,0.67,1.35,-1.11,4.46,2.63,0.55,0.2,-0.86,3.6,2.39,1.67,1.99,0.53,5.49,0.53,2.96,2.02,2.21,9.3,8.21,5.3,4.62,7.93
2002-11-01,7.97,7.53,5.56,5.37,3.06,8.62,8.32,4.98,5.31,3.44,6.78,5.49,5.8,3.9,4.56,9.15,6.73,5.79,6.01,5.78,3.74,5.34,5.99,5.66,7.39
2002-12-01,-4.81,-4.02,-2.04,-0.78,0.72,-6.42,-3.74,-2.42,-0.84,0.14,-5.72,-4.75,-1.92,-0.26,-0.67,-6.9,-3.31,-2.44,-1.0,-2.01,-5.51,-4.52,-4.31,-3.09,-4.84
2003-01-01,-0.36,0.78,-0.38,0.04,1.88,-1.61,-0.68,-1.07,-1.12,-0.94,-2.99,-1.97,-2.13,-1.35,-2.08,-2.34,-2.11,-2.11,-1.05,-2.14,-3.24,-3.52,-2.72,-1.96,-2.91
2003-02-01,-3.66,-3.19,-0.65,-1.51,1.99,-4.04,-2.67,-1.29,-0.75,0.23,-3.63,-2.46,-0.35,-0.97,-1.3,-1.26,-2.2,-1.05,-1.58,-1.25,-1.29,-2.47,-1.71,-1.78,-3.29
2003-03-01,-1.51,-0.75,-0.34,-0.75,-0.05,0.98,-0.46,-0.17,-0.34,-0.47,1.76,1.33,0.49,-0.03,0.22,-0.15,0.33,0.09,-0.61,-0.31,1.64,-1.07,-2.02,-1.08,-1.62
2003-04-01,11.13,8.73,10.22,8.08,6.42,10.59,9.3,9.56,8.2,7.76,8.35,9.36,7.31,8.66,9.04,8.83,7.81,7.54,8.76,8.44,7.93,9.18,9.24,10.13,10.15
2003-05-01,13.77,13.1,11.31,10.93,9.65,12.38,11.32,9.26,8.94,8.83,9.02,7.8,8.94,8.93,8.04,10.11,7.85,8.73,7.83,8.34,3.65,6.88,7.48,6.46,8.15
2003-06-01,5.4,5.8,5.9,5.04,5.93,3.05,2.62,2.64,3.68,4.73,3.6,2.35,2.53,2.23,3.8,1.97,3.17,2.17,2.22,2.72,1.36,1.29,2.97,2.69,0.73
2003-07-01,4.97,5.15,4.97,6.14,5.6,4.22,3.95,4.27,5.14,5.6,5.34,3.87,2.55,1.86,2.82,5.59,3.08,2.83,2.48,4.54,-0.17,2.46,3.12,3.33,1.96
2003-08-01,5.77,5.67,5.49,4.64,7.25,4.44,4.05,4.82,4.64,6.05,4.68,6.28,4.03,5.0,6.89,4.99,3.45,4.66,4.26,7.27,1.3,2.77,1.47,1.57,3.1
2003-09-01,7.01,7.41,5.3,5.64,6.13,4.55,3.58,3.12,1.91,3.49,3.04,1.76,1.44,1.68,4.19,3.19,1.7,1.74,3.13,2.71,1.44,-0.17,1.19,0.21,-0.08
2003-10-01,7.65,8.85,7.06,7.2,7.42,6.76,7.39,6.4,6.47,7.31,7.53,8.38,5.9,6.5,7.07,7.47,7.23,5.91,6.25,9.38,2.49,6.25,7.05,8.29,6.89
2003-11-01,1.75,1.2,2.89,3.24,1.18,-0.23,1.89,2.86,2.05,0.77,0.49,1.61,1.54,2.78,1.82,1.25,1.39,2.02,2.52,2.28,1.58,1.64,1.96,1.68,2.5
2003-12-01,3.6,3.63,3.72,4.96,4.86,4.24,3.94,3.85,4.18,4.94,3.26,3.46,4.62,5.32,5.5,3.29,4.21,5.37,4.95,6.01,4.89,7.6,5.63,5.74,7.53
2004-01-01,5.6,6.2,6.16,5.86,7.92,4.35,4.57,3.68,4.53,6.03,2.4,2.62,2.96,2.59,4.78,3.64,2.62,1.95,2.83,3.6,1.79,0.16,2.32,3.37,3.0
2004-02-01,1.23,2.29,2.4,2.71,2.4,1.19,2.78,2.62,1.1,1.96,0.65,1.63,2.68,2.78,2.36,2.94,2.21,2.23,2.98,2.81,1.3,2.05,2.02,2.27,2.63
2004-03-01,1.65,2.46,1.85,0.84,4.95,5.38,1.9,2.83,2.29,4.67,2.71,3.97,2.47,1.8,3.9,1.59,2.68,1.5,3.61,1.57,-1.65,-0.71,-0.19,-1.28,-1.38
2004-04-01,-2.23,-2.28,-1.78,-3.11,-3.06,-3.29,-2.88,-2.67,-2.78,-4.24,-1.66,-3.67,-2.81,-2.57,-4.34,-2.37,-3.37,-4.4,-3.72,-4.49,-0.18,-1.88,-3.72,-3.27,-1.74
2004-05-01,-3.13,-2.44,-1.82,-0.89,-2.23,0.14,0.81,-0.06,0.09,-0.28,-0.35,1.83,1.03,0.17,0.17,0.6,1.15,0.83,0.52,2.08,0.58,1.77,0.77,1.34,-0.21
2004-06-01,4.36,4.23,3.33,3.61,4.73,4.16,4.34,4.36,5.02,5.91,2.99,3.02,4.69,4.7,4.84,1.58,3.91,3.0,3.15,4.1,1.48,1.98,2.33,1.65,2.36
2004-07-01,-6.28,-5.47,-3.28,-3.55,-2.81,-8.69,-6.23,-5.12,-4.88,-4.47,-6.76,-5.38,-4.53,-3.71,-3.5,-7.05,-5.42,-4.6,-3.93,-3.14,-5.48,-2.87,-1.61,-3.22,-1.88
2004-08-01,-0.32,-0.25,-0.01,0.49,0.6,-1.78,-0.15,1.09,0.23,0.79,-1.38,-0.85,-0.05,0.76,0.42,-0.22,-0.75,0.48,1.37,0.96,0.2,0.06,1.2,0.83,1.12
2004-09-01,2.61,4.17,3.44,3.32,2.32,3.91,4.81,3.88,3.64,2.69,2.99,4.07,4.51,3.61,2.68,3.73,2.43,3.43,3.95,3.15,0.64,2.37,1.8,2.67,3.24
2004-10-01,2.87,2.72,3.18,3.96,3.67,3.11,4.49,3.3,3.51,2.57,3.73,4.91,2.52,1.72,2.15,3.79,2.82,2.61,2.07,2.68,2.21,2.14,2.61,3.89,2.9
2004-11-01,8.35,8.28,8.07,7.21,7.1,8.44,6.75,8.09,7.94,7.66,6.7,7.47,7.08,7.7,7.77,6.46,6.13,7.36,7.69,7.52,3.44,5.54,4.51,6.31,6.11
2004-12-01,4.2,3.1,4.33,3.69,5.01,3.37,4.03,3.85,3.59,4.67,3.49,4.45,3.83,3.27,4.4,4.48,4.71,4.48,4.23,4.57,4.77,2.55,4.01,3.79,4.11
2005-01-01,-0.33,1.07,1.08,0.52,2.22,-1.34,-0.86,-0.1,-0.07,1.02,-1.36,-1.26,-0.27,-0.67,0.4,-1.42,-0.6,-1.48,-0.07,-0.77,-3.0,-2.09,-2.37,-1.33,-1.56
2005-02-01,3.01,4.02,3.39,3.64,5.28,2.45,1.68,3.2,2.34,4.48,3.56,2.55,2.85,3.85,4.8,2.54,2.04,3.37,5.04,3.01,2.21,3.22,3.68,3.35,3.33
2005-03-01,-4.62,-3.52,-2.55,-1.95,-0.53,-3.98,-1.92,-2.04,-2.42,-0.72,-3.26,-2.3,-2.33,-1.61,-0.53,-2.22,-1.83,-0.57,-1.98,-1.53,-1.46,-1.76,-3.16,-0.86,-1.11
2005-04-01,-2.28,-3.45,-3.78,-3.16,-2.26,-4.13,-4.75,-3.45,-3.68,-2.6,-3.98,-3.81,-3.62,-4.0,-2.49,-4.42,-3.67,-2.95,-3.52,-2.27,-1.15,-1.64,-2.71,-3.44,-2.12
2005-05-01,-1.3,0.15,-0.8,-0.59,-1.36,1.07,0.75,2.09,2.53,0.79,1.49,2.99,2.27,2.2,2.18,3.08,2.32,2.53,2.41,2.26,2.05,1.63,1.05,0.95,2.56
2005-06-01,2.11,2.63,2.86,3.44,3.05,3.22,4.11,3.29,3.8,3.92,2.02,2.31,3.43,3.8,2.88,1.43,1.27,2.29,3.59,2.43,-0.7,1.12,1.73,1.62,2.71
2005-07-01,4.68,5.5,4.33,4.74,3.95,4.55,5.13,5.42,4.4,4.32,4.72,4.54,5.48,4.81,4.02,4.19,4.09,4.1,5.07,4.12,3.47,4.19,3.01,2.81,4.49
2005-08-01,2.02,2.4,1.59,2.51,2.53,0.39,3.05,1.27,2.11,1.62,0.38,0.98,2.01,2.08,2.41,1.54,1.98,1.85,2.56,1.53,0.14,1.56,1.57,0.82,1.75
2005-09-01,0.16,2.81,2.51,2.77,2.5,0.26,2.65,2.08,1.56,1.81,1.41,2.16,2.08,2.59,3.28,3.63,2.81,3.06,3.6,2.57,0.98,2.69,2.86,2.58,2.59
2005-10-01,-3.17,-3.39,-2.86,-2.83,-1.8,-2.42,-2.58,-2.36,-2.91,-1.07,-2.47,-3.33,-3.42,-2.94,-1.79,-3.32,-2.55,-3.3,-2.74,-3.43,-0.4,-3.52,-3.42,-1.83,-1.69
2005-11-01,2.07,2.13,1.78,2.88,2.34,4.17,3.68,3.73,4.27,2.13,5.31,3.79,3.82,3.37,2.72,4.82,4.16,4.09,3.04,3.22,2.51,3.5,3.59,3.5,1.68
2005-12-01,7.49,5.01,4.29,3.59,6.09,7.14,4.2,3.69,4.59,4.72,5.99,2.93,3.12,3.43,3.63,5.01,4.22,2.86,4.77,4.29,1.73,1.46,4.2,2.81,1.13
2006-01-01,7.14,8.01,8.89,8.76,6.97,5.88,8.48,6.97,8.6,7.46,6.07,7.31,8.13,6.93,6.68,5.32,6.1,5.83,6.44,6.07,2.22,4.48,4.76,5.24,5.12
2006-02-01,-2.21,0.06,1.0,0.01,-0.82,-2.23,-0.02,0.08,-0.79,-0.57,-2.74,-1.07,-0.3,-0.03,0.3,-0.87,-0.44,0.16,0.17,1.29,-0.67,-1.12,1.14,0.67,-0.01
2006-03-01,4.31,4.25,5.01,3.94,4.55,3.47,4.87,4.41,4.25,5.31,4.6,4.73,4.39,5.33,4.51,4.39,3.8,3.91,3.14,3.7,2.11,2.66,2.28,1.91,2.59
2006-04-01,3.27,4.93,4.25,4.91,4.28,2.05,4.08,2.97,4.12,2.9,2.11,3.36,3.75,3.66,3.06,2.81,2.42,2.5,4.34,3.53,1.33,3.49,3.47,3.98,4.23
2006-05-01,-8.08,-6.58,-4.87,-4.85,-5.23,-7.86,-5.6,-4.58,-4.49,-5.26,-6.39,-6.0,-5.31,-4.32,-3.96,-5.44,-5.12,-4.3,-3.81,-4.81,-2.54,-3.48,-4.26,-2.86,-2.51
2006-06-01,-2.62,-2.22,-2.14,-2.81,-2.36,-1.69,-2.01,-0.72,-1.96,-1.58,-1.85,-1.46,0.3,-0.44,-0.68,-1.16,-0.33,-1.05,-0.38,-0.04,0.52,-0.24,0.05,0.14,-0.15
2006-07-01,-4.88,-1.36,-1.38,-1.99,-1.84,-5.3,-2.41,-2.43,-1.66,-1.56,-3.99,-3.34,-2.36,-1.3,-0.24,-3.75,-1.63,-2.03,-0.97,-0.1,-1.17,0.62,1.6,1.89,1.53
2006-08-01,3.18,3.32,2.12,2.2,2.09,3.64,2.41,2.19,2.81,3.01,3.23,2.99,2.36,2.9,2.79,2.38,3.09,3.01,2.22,2.82,3.14,2.89,2.57,2.39,1.82
2006-09-01,-1.61,-0.78,-1.19,-0.68,-0.17,-0.81,0.06,-0.5,-0.05,0.14,0.23,1.03,0.08,0.09,0.87,1.17,0.47,1.46,1.25,0.91,0.93,1.13,0.67,1.53,1.86
2006-10-01,3.21,4.55,3.6,3.92,2.77,5.51,4.13,5.0,3.99,4.16,4.82,5.07,4.78,3.96,3.86,4.12,3.34,4.28,3.33,3.28,3.68,3.34,3.69,3.37,4.4
2006-11-01,2.38,3.08,3.32,2.46,2.21,3.07,3.76,2.42,3.18,3.2,2.63,4.21,3.07,3.69,3.65,3.76,3.5,3.47,4.54,3.88,2.22,1.84,3.32,2.5,2.24
2006-12-01,2.22,2.01,2.56,2.43,2.45,1.19,2.07,1.28,1.99,2.37,1.93,2.05,1.35,1.63,2.72,1.31,1.15,2.4,3.3,2.31,0.39,2.04,2.38,3.29,3.61
2007-01-01,2.67,2.13,2.83,2.51,3.31,1.46,1.88,2.15,1.99,2.28,2.6,2.22,1.99,1.22,2.38,2.34,2.28,2.52,1.46,1.91,1.33,1.25,0.42,0.9,1.62
2007-02-01,0.32,1.12,1.56,1.27,2.43,0.73,0.97,1.21,1.13,1.58,0.29,1.01,1.16,1.5,0.49,1.12,1.27,1.15,0.81,2.12,-1.01,-0.51,0.05,-1.19,-0.39
2007-03-01,1.57,2.42,2.24,2.16,2.67,1.36,1.61,2.29,3.04,3.26,2.34,3.13,3.43,2.5,2.35,2.01,1.65,3.55,2.63,2.66,2.16,1.96,2.2,2.19,1.74
2007-04-01,2.5,5.27,4.6,4.07,4.24,2.4,4.28,3.56,2.03,3.09,2.31,3.42,3.73,3.52,3.27,3.07,2.56,3.63,4.19,3.79,4.38,4.84,3.73,4.56,4.64
2007-05-01,0.39,2.63,2.19,2.33,4.12,1.2,3.07,1.89,1.87,1.47,2.43,2.73,3.26,3.4,0.96,3.0,1.97,2.97,2.16,2.55,3.04,2.38,3.75,2.56,3.08
2007-06-01,0.91,1.41,1.61,2.25,2.35,-0.45,0.97,0.37,0.32,0.95,-1.15,-0.35,-0.39,-0.93,-1.06,-0.78,-0.71,-0.73,-0.92,-1.43,-0.09,0.38,-0.26,-1.37,-0.72
2007-07-01,-1.67,-1.76,-1.11,-1.43,0.35,-2.27,-1.2,-1.84,-2.32,-2.23,-1.26,-2.63,-2.74,-1.54,-3.01,-0.91,-0.6,-1.38,-2.73,-3.67,0.1,-1.58,-2.92,-2.31,-3.72
2007-08-01,-7.95,-6.62,-5.73,-4.84,-6.05,-3.77,-3.15,-2.59,-1.88,-3.31,-2.42,-3.52,-1.51,-1.15,-2.69,-0.52,-1.85,-1.22,-2.12,-3.57,1.38,0.09,-0.23,-1.06,-0.39
2007-09-01,3.02,4.42,3.78,2.9,1.88,3.95,4.09,1.9,2.39,2.44,3.77,3.09,2.34,2.65,2.43,6.23,5.36,3.47,2.62,2.45,6.0,5.92,4.19,4.35,5.32
2007-10-01,6.34,4.93,3.43,2.4,1.58,7.26,4.98,4.16,2.49,3.13,7.35,5.99,4.65,4.38,1.79,4.5,3.72,3.51,2.79,2.71,4.44,2.66,5.07,2.04,3.24
2007-11-01,-8.63,-7.8,-8.45,-8.16,-6.36,-8.71,-7.6,-8.25,-6.88,-6.94,-5.67,-8.52,-6.19,-6.68,-6.25,-5.38,-4.72,-6.03,-6.69,-5.94,-3.45,-1.24,-3.79,-5.38,-4.85
2007-12-01,-2.36,-1.18,-0.85,-1.14,-2.13,-3.05,-2.56,-1.69,-1.79,-1.45,-2.63,-2.58,-0.53,-1.61,-2.66,-1.68,-1.27,-1.03,-1.88,-1.57,-1.26,-0.91,-1.32,-1.3,-0.63
2008-01-01,-10.3,-9.52,-9.64,-7.4,-6.72,-11.49,-10.47,-8.81,-7.88,-6.01,-9.24,-8.36,-7.5,-7.65,-5.13,-9.13,-7.67,-7.24,-5.49,-5.09,-8.91,-6.89,-7.35,-7.84,-7.45
2008-02-01,2.88,2.92,1.64,1.73,2.98,1.44,1.54,0.51,2.86,1.5,0.02,2.98,1.8,-0.2,1.0,1.74,3.51,2.21,0.63,-0.25,-0.8,0.73,0.23,-0.34,-2.15
2008-03-01,-4.95,-4.38,-3.42,-1.97,-2.61,-3.56,-2.48,-0.87,-0.2,-0.29,-2.5,-1.75,0.11,-0.43,-0.83,-1.27,-2.35,-0.6,-2.11,-0.58,-1.21,-0.48,-1.92,-0.96,0.05
2008-04-01,0.18,2.62,2.91,1.88,1.63,3.11,2.48,2.95,2.27,1.82,3.37,5.34,4.29,4.69,2.91,4.17,4.67,3.79,5.11,4.59,5.2,4.89,6.0,6.29,5.22
2008-05-01,4.38,3.78,4.87,3.72,3.2,3.38,3.66,3.62,3.1,2.64,3.63,2.63,4.39,3.73,2.77,2.66,3.44,2.99,2.59,2.78,2.76,2.3,1.83,0.43,0.51
2008-06-01,-7.74,-5.06,-5.88,-5.76,-4.51,-7.15,-8.09,-7.81,-6.83,-7.21,-8.34,-7.43,-5.49,-7.3,-7.55,-7.41,-6.83,-6.79,-7.2,-9.31,-6.6,-6.69,-8.52,-9.8,-9.68
2008-07-01,-3.39,-4.75,-4.29,-3.23,-3.01,-2.83,-3.38,-2.92,-1.4,-0.57,-3.09,-3.29,-2.52,-1.2,-1.93,-3.23,-3.42,-3.25,-4.14,-3.57,-3.06,-1.97,-4.44,-2.04,0.68
2008-08-01,-4.93,-6.12,-4.42,-4.35,-4.55,-2.09,-2.91,-2.14,-1.51,-0.82,-2.52,-2.31,-1.05,-0.47,-0.24,-2.47,-1.8,-0.88,-1.44,0.55,-1.42,-1.25,-2.67,-2.9,-2.56
2008-09-01,-14.77,-15.41,-14.17,-12.5,-10.79,-12.74,-14.04,-13.72,-12.03,-10.87,-15.52,-15.98,-14.66,-11.72,-11.95,-13.83,-15.1,-12.48,-12.07,-12.35,-13.54,-10.72,-12.05,-10.78,-11.73
2008-10-01,-24.21,-25.61,-24.45,-21.07,-19.64,-24.6,-24.69,-20.6,-21.38,-18.93,-24.33,-24.7,-22.58,-20.62,-20.3,-23.48,-21.66,-20.4,-21.38,-22.17,-18.3,-15.05,-18.84,-18.39,-26.22
2008-11-01,-7.48,-7.81,-8.16,-8.93,-6.56,-7.35,-6.9,-7.36,-8.51,-6.95,-8.5,-6.47,-7.4,-6.79,-4.72,-6.28,-5.0,-6.27,-3.84,-6.17,-6.32,-3.9,-6.12,-8.22,-10.73
2008-12-01,5.55,4.89,6.41,5.47,5.95,7.71,6.41,4.89,7.35,8.74,7.93,5.35,5.29,5.42,7.63,5.72,6.79,5.21,7.09,7.5,2.97,5.1,3.46,3.72,3.33
2009-01-01,-5.13,-4.86,-6.44,-6.32,-6.81,-5.32,-5.72,-6.66,-7.69,-9.42,-6.93,-6.23,-7.34,-9.47,-9.16,-5.87,-6.85,-7.89,-7.47,-10.34,-5.55,-8.27,-8.61,-10.51,-15.41
2009-02-01,-8.67,-7.61,-6.99,-8.86,-10.46,-9.3,-7.57,-8.82,-11.57,-12.98,-8.56,-8.08,-8.97,-10.25,-10.49,-6.77,-7.7,-10.0,-11.16,-12.27,-6.59,-9.78,-10.39,-11.71,-15.62
2009-03-01,7.08,6.96,6.43,7.01,4.99,7.56,6.26,6.68,4.82,5.4,6.8,6.71,7.1,7.25,5.7,7.8,7.09,7.3,6.96,9.49,7.96,5.82,7.19,7.27,11.34
2009-04-01,11.29,13.44,13.05,12.35,10.17,15.82,15.62,15.14,12.88,11.48,12.52,15.29,15.68,13.97,12.74,12.96,12.76,14.6,13.32,13.52,9.38,6.38,11.2,13.49,20.17
2009-05-01,14.79,16.77,14.7,13.51,13.37,10.44,13.4,9.52,10.1,10.36,11.02,11.41,8.99,9.59,9.58,9.51,9.64,8.43,9.18,9.01,8.64,8.7,11.12,10.48,11.71
2009-06-01,3.16,2.97,2.89,2.4,3.15,4.14,2.21,1.96,0.79,2.14,3.6,1.61,1.48,0.77,0.28,1.86,0.92,0.05,-0.56,-0.28,0.74,-0.34,-1.7,-1.36,-1.72
2009-07-01,3.78,6.2,6.59,7.06,8.59,5.47,7.48,5.93,8.72,9.43,6.37,7.15,7.19,9.19,11.7,7.42,7.38,8.12,9.06,10.5,6.2,8.13,9.88,10.38,12.11
2009-08-01,3.91,4.09,5.76,5.33,7.19,4.37,4.72,4.11,5.04,7.7,3.29,3.21,3.98,6.89,6.85,3.75,3.46,4.02,5.07,8.03,1.47,1.66,4.71,3.47,8.99
2009-09-01,5.17,7.75,6.2,6.28,6.43,4.91,6.94,4.63,5.98,6.67,5.87,5.16,4.97,5.33,5.68,6.14,4.81,6.01,5.76,5.49,3.42,4.84,4.39,3.64,4.51
2009-10-01,-2.14,-2.02,-1.84,-1.76,-2.03,-3.55,-2.25,-2.23,-2.79,-4.07,-3.53,-1.5,-2.66,-3.36,-3.9,-4.07,-2.69,-2.47,-3.92,-4.9,0.28,-1.86,-1.74,-1.99,-5.45
2009-11-01,0.82,0.65,0.84,0.96,0.57,0.25,0.95,0.24,1.79,0.86,2.45,2.58,2.57,1.81,2.5,3.76,3.44,3.24,2.12,1.14,5.19,5.19,3.77,2.75,2.23
2009-12-01,0.07,0.1,0.71,1.44,2.4,2.16,1.9,2.31,3.43,4.1,3.34,2.97,3.65,3.11,3.75,3.52,3.54,2.56,3.51,3.1,1.15,1.57,1.93,2.1,0.9
2010-01-01,-0.92,-1.67,-1.67,-1.2,0.37,-0.92,-1.67,-1.85,-1.49,-1.84,-1.93,-3.14,-2.69,-2.44,-1.57,-3.17,-3.34,-3.0,-2.59,-2.06,-3.81,-4.04,-4.71,-4.07,-5.45
2010-02-01,0.05,0.31,0.78,0.53,1.87,-0.05,1.59,0.93,1.02,2.02,2.55,1.91,1.67,1.29,2.34,2.36,1.46,2.25,1.28,2.18,1.23,1.54,0.75,0.81,1.29
2010-03-01,4.44,3.1,4.41,5.84,7.68,4.44,5.27,6.25,6.49,8.81,6.36,6.33,6.9,8.29,7.81,6.35,5.49,8.13,7.45,8.98,4.61,5.15,5.96,7.01,9.16
2010-04-01,3.66,2.87,3.48,3.99,6.04,5.12,1.76,4.16,3.47,4.77,2.39,2.63,3.33,2.7,3.55,2.25,1.78,2.01,1.76,3.06,-0.75,-0.83,0.88,0.1,-1.99
2010-05-01,-11.11,-9.56,-9.88,-9.76,-11.18,-8.22,-7.86,-9.07,-9.62,-11.26,-7.37,-8.79,-7.52,-10.07,-11.55,-7.59,-8.27,-9.42,-10.06,-10.46,-8.48,-9.15,-9.91,-9.84,-11.79
2010-06-01,-2.36,-1.77,-2.19,-1.91,-3.69,-2.2,-1.61,-2.19,-2.56,-5.57,-3.06,-1.6,-4.07,-3.73,-5.53,-2.14,-1.39,-3.31,-3.72,-6.11,-1.45,-2.4,-4.66,-2.09,-5.94
2010-07-01,6.15,5.84,7.93,6.97,6.23,6.55,7.5,7.87,6.65,6.7,6.65,7.79,7.85,8.41,8.49,7.92,7.99,7.95,8.14,8.44,7.17,6.77,8.95,10.14,10.56
2010-08-01,-4.05,-3.45,-3.15,-3.93,-4.21,-3.45,-3.28,-4.51,-4.79,-5.34,-3.11,-4.28,-4.76,-5.0,-4.96,-3.86,-2.63,-4.0,-4.52,-4.33,-2.86,-2.92,-3.49,-4.26,-6.28
2010-09-01,12.7,10.81,12.77,11.52,9.13,11.06,12.1,11.44,11.09,10.14,12.28,12.66,12.74,11.59,9.18,10.83,11.22,11.31,10.26,9.77,9.77,10.03,9.02,9.36,9.11
2010-10-01,3.82,4.8,5.54,4.62,2.87,3.97,4.11,3.78,3.91,2.51,3.93,4.64,4.43,3.53,3.17,2.62,4.51,4.35,4.22,3.25,4.84,4.04,3.81,3.67,2.86
2010-11-01,-0.89,-0.7,-0.93,-0.42,0.16,0.47,-0.83,-0.34,0.26,0.16,-1.53,0.8,-0.07,0.49,-2.12,-0.12,0.03,-0.48,-1.02,-2.2,-1.59,-1.75,-2.37,-4.29,-5.18
2010-12-01,9.71,10.57,9.9,9.9,9.1,8.66,9.49,9.86,10.73,10.57,7.73,8.62,9.9,9.55,9.93,7.94,7.62,8.7,9.07,8.93,5.82,6.34,7.06,8.97,8.91
2011-01-01,1.06,1.09,1.37,1.62,2.85,-0.61,-0.27,0.75,0.97,1.18,1.06,0.24,0.62,0.99,2.25,1.34,1.41,2.07,2.22,1.69,0.51,1.51,2.26,4.28,5.28
2011-02-01,1.88,4.31,3.02,3.74,3.71,3.17,4.41,3.05,4.01,4.05,4.17,4.8,4.06,3.74,3.63,3.75,3.15,3.58,2.89,3.63,3.17,2.67,4.31,3.9,3.55
2011-03-01,0.57,-0.45,0.7,0.07,-0.91,0.05,0.9,1.54,0.97,-0.64,1.53,1.35,1.41,1.08,-0.7,1.58,1.43,1.16,0.87,-1.51,0.2,-1.46,-1.45,-0.87,-2.69
