date,SMALL LoPRIOR,ME1 PRIOR2,ME1 PRIOR3,ME1 PRIOR4,SMALL HiPRIOR,ME2 PRIOR1,ME2 PRIOR2,ME2 PRIOR3,ME2 PRIOR4,ME2 PRIOR5,ME3 PRIOR1,ME3 PRIOR2,ME3 PRIOR3,ME3 PRIOR4,ME3 PRIOR5,ME4 PRIOR1,ME4 PRIOR2,ME4 PRIOR3,ME4 PRIOR4,ME4 PRIOR5,BIG LoPRIOR,ME5 PRIOR2,ME5 PRIOR3,ME5 PRIOR4,BIG HiPRIOR
1990-11-01,-20.2,-21.18,-18.72,-18.34,-13.32,-23.03,-19.81,-16.94,-17.2,-15.42,-19.43,-20.65,-19.64,-16.5,-13.74,-18.83,-18.02,-19.21,-16.57,-15.16,-11.84,-10.46,-15.32,-12.05,-16.4
1990-12-01,-2.59,-2.66,-3.41,-6.06,-8.49,-2.42,-0.9,-2.22,-3.63,-4.41,0.61,-0.72,-1.56,-4.85,-6.78,0.45,3.31,-0.71,-1.39,-6.32,8.07,5.53,2.53,-0.74,-6.21
1991-01-01,-7.95,-4.68,-8.76,-6.63,-4.28,-5.98,-5.45,-3.11,-4.97,-3.19,-3.42,-2.86,-3.67,-3.28,-5.42,-1.86,-3.85,-1.56,0.17,1.0,3.05,3.27,3.6,3.26,2.36
1991-02-01,33.43,24.27,19.67,17.02,15.43,32.38,30.73,20.1,20.94,11.9,25.31,25.56,18.59,15.61,12.23,24.1,18.59,20.38,14.33,8.85,20.93,13.96,10.74,6.81,8.07
1991-03-01,-0.25,3.08,0.63,0.52,1.49,-0.87,0.61,1.67,-2.27,1.56,-0.51,-0.87,1.15,1.87,2.69,-3.5,-1.35,-2.98,-3.86,0.15,-5.64,-5.64,-6.33,-4.08,-2.9
1991-04-01,7.38,7.69,5.9,3.84,9.77,4.21,5.43,4.83,3.91,7.01,3.19,3.42,3.83,6.02,3.2,1.58,1.95,2.16,1.73,5.51,2.64,0.98,1.75,3.5,2.24
1991-05-01,-4.51,-2.03,-1.66,-1.68,0.11,-4.1,-2.0,-2.65,-1.75,0.04,-3.31,-2.02,-1.45,-2.82,-0.9,-3.87,-1.83,-1.99,-1.79,-1.04,-1.78,-2.94,-0.44,-1.0,-0.97
1991-06-01,-4.59,-3.29,-2.07,-1.93,1.67,-6.55,-6.05,-2.71,-3.91,-2.54,-5.13,-4.36,-3.22,-6.22,-2.0,-8.66,-6.82,-6.69,-5.2,-1.05,-9.44,-8.28,-7.54,-6.9,-5.26
1991-07-01,-3.78,-1.71,-2.57,-4.03,-5.76,-0.89,-0.42,-2.01,-3.99,-3.84,-1.5,-0.19,-0.75,-1.67,-0.93,-0.53,-0.12,-0.79,0.51,-1.46,1.4,2.35,2.52,3.28,3.78
1991-08-01,-10.67,-10.56,-8.62,-7.99,-7.73,-12.71,-11.67,-10.22,-11.55,-9.59,-12.27,-10.65,-11.55,-8.22,-9.07,-12.33,-10.62,-8.71,-11.75,-9.02,-8.9,-10.0,-6.85,-5.51,-2.36
1991-09-01,8.28,8.97,7.7,7.57,8.75,11.13,13.51,12.76,12.29,9.92,11.15,11.34,11.99,10.65,9.6,14.01,12.46,14.39,13.99,11.91,14.1,9.85,8.97,9.37,5.35
1991-10-01,5.26,5.41,5.7,2.13,4.01,4.21,5.13,6.21,3.13,2.0,4.2,4.27,5.02,5.84,3.75,4.49,4.96,3.28,6.34,3.19,4.36,1.65,3.17,3.25,7.4
1991-11-01,-8.43,-9.16,-7.21,-7.27,-9.64,-10.44,-9.28,-9.16,-11.13,-9.98,-11.52,-11.6,-9.13,-7.84,-10.14,-11.55,-10.06,-11.53,-8.54,-10.34,-10.68,-9.09,-9.54,-6.87,-5.22
1991-12-01,1.09,2.78,2.94,4.52,-0.76,1.11,3.81,3.25,3.04,2.89,2.58,2.36,3.04,3.26,3.91,2.55,2.78,3.26,4.87,4.33,2.43,4.54,4.71,2.49,0.66
1992-01-01,-7.76,-6.43,-7.77,-5.67,-7.49,-6.75,-4.71,-5.02,-3.01,-4.66,-6.07,-3.94,-3.54,-5.73,-3.17,-2.24,-2.81,-3.51,-4.78,-1.66,-3.34,-5.35,-4.67,-6.02,-8.15
1992-02-01,-3.54,-1.91,-2.27,-3.69,-3.7,-4.65,-3.01,-5.38,-3.74,-4.62,-4.17,-4.35,-3.7,-4.38,-4.12,-5.19,-5.55,-3.96,-4.82,-4.32,-7.06,-8.88,-8.63,-6.4,-7.4
1992-03-01,-12.29,-11.6,-10.06,-6.99,-10.21,-12.68,-13.67,-9.05,-12.33,-12.48,-12.82,-12.27,-10.44,-9.02,-11.16,-13.02,-11.24,-9.43,-9.36,-9.74,-11.48,-10.57,-11.05,-11.24,-10.98
1992-04-01,-9.44,-11.24,-9.31,-7.52,-7.05,-7.74,-10.81,-9.93,-7.9,-9.84,-7.59,-11.36,-7.7,-11.44,-10.63,-6.7,-10.94,-7.7,-8.8,-8.49,-4.24,-8.15,-10.27,-4.52,-6.1
1992-05-01,11.87,12.48,12.15,9.75,7.7,11.43,13.37,15.7,10.32,11.11,13.44,12.79,15.07,11.14,11.27,11.87,11.67,13.49,11.43,10.27,8.81,7.42,7.25,8.39,8.49
1992-06-01,-9.73,-6.91,-6.89,-5.51,-0.72,-10.01,-9.46,-9.84,-7.43,-3.79,-10.0,-10.45,-8.99,-7.95,-5.05,-11.35,-11.34,-9.19,-6.18,-3.54,-13.19,-12.41,-8.2,-6.53,-5.2
1992-07-01,-8.82,-7.44,-7.26,-6.89,-5.08,-9.85,-5.54,-4.97,-8.67,-9.07,-9.65,-7.26,-5.24,-6.16,-10.55,-8.88,-7.33,-4.2,-5.94,-6.91,2.25,1.18,-1.66,-1.49,-6.0
1992-08-01,11.6,6.38,5.7,6.62,4.73,16.99,12.39,10.85,7.78,8.11,17.11,11.34,13.87,9.22,10.44,24.35,16.93,14.47,11.03,11.22,28.82,20.48,12.94,13.8,9.98
1992-09-01,1.44,3.48,1.05,3.68,5.53,-1.66,1.86,0.67,1.08,0.66,-3.65,-0.09,0.3,-0.29,-0.24,-4.56,-1.19,-1.6,-0.63,-2.4,-4.05,-3.75,-2.75,-2.12,-2.81
1992-10-01,-8.18,-6.53,-6.97,-4.33,-3.36,-8.65,-7.86,-6.3,-5.29,-3.33,-7.27,-5.97,-5.74,-4.06,-2.12,-8.53,-6.06,-4.37,-5.3,-3.48,-8.56,-5.35,-5.18,-4.87,-3.03
1992-11-01,-2.83,-2.82,-2.89,-2.03,-2.57,-0.24,-1.76,-0.95,-0.87,-0.69,0.21,2.06,1.02,0.32,0.0,2.16,2.41,2.57,2.08,-0.18,6.55,1.62,1.95,2.34,1.78
1992-12-01,5.38,3.14,2.26,3.43,1.31,2.4,1.63,-0.97,0.05,-1.66,1.17,-0.83,0.75,1.84,-0.64,-0.36,-1.92,-1.62,-2.57,-1.78,-2.32,-2.41,-0.02,-1.24,0.32
1993-01-01,-1.37,-2.39,-2.84,-2.88,-0.75,-1.99,-1.82,-2.87,-3.13,0.07,-1.76,-1.85,-2.42,0.18,-1.85,-1.76,-2.35,-0.65,-1.08,-1.02,-0.39,-0.4,-0.79,0.57,-0.69
1993-02-01,7.61,7.52,7.53,7.51,6.77,5.54,4.67,4.52,5.56,5.85,5.13,5.02,3.67,4.24,5.82,3.87,5.71,5.41,3.25,4.88,3.3,3.97,5.29,5.05,3.11
1993-03-01,20.11,14.17,14.73,9.56,10.77,22.83,16.12,14.42,10.9,11.54,23.0,18.54,11.98,9.5,12.34,20.03,17.87,14.59,9.88,12.29,23.56,20.73,21.67,13.33,10.0
1993-04-01,21.26,19.93,15.64,16.76,14.87,19.17,19.84,18.3,15.22,16.9,19.62,17.7,15.69,17.06,14.03,18.57,17.4,16.13,14.45,14.59,19.25,19.55,17.51,16.77,14.61
1993-05-01,20.2,21.75,23.39,22.8,20.54,14.08,16.0,15.51,15.15,13.38,10.69,10.25,12.8,12.36,9.58,6.85,8.6,7.96,6.64,7.32,0.58,0.86,1.88,2.36,5.99
1993-06-01,-6.22,-5.82,-5.52,-5.12,-7.32,-5.21,-5.12,-6.3,-7.11,-8.54,-6.29,-7.76,-5.78,-5.42,-6.82,-6.41,-5.22,-4.31,-4.25,-4.86,-5.74,-3.62,-4.01,-3.34,-2.65
1993-07-01,1.29,1.89,0.02,0.62,2.21,2.69,3.04,3.45,3.79,3.86,1.48,4.67,4.09,4.36,6.01,4.48,5.72,7.1,4.85,5.99,6.73,7.65,7.38,7.5,8.61
1993-08-01,-0.32,-0.35,1.87,2.09,1.66,0.64,2.67,2.13,2.94,3.3,0.93,1.8,2.27,3.11,2.93,1.72,2.37,2.05,1.71,2.27,2.99,1.68,2.46,3.03,2.43
1993-09-01,-3.38,-3.17,-3.58,-4.96,-4.38,-1.2,-3.67,-2.0,-5.97,-3.83,-5.08,-3.64,-3.16,-3.64,-2.37,-6.02,-4.33,-2.1,-4.13,-1.11,-4.05,-3.29,-3.72,-6.52,-8.52
1993-10-01,-7.62,-8.55,-9.13,-9.68,-10.35,-9.12,-8.8,-9.13,-8.67,-9.78,-7.04,-7.67,-8.57,-7.56,-7.36,-5.84,-6.79,-6.53,-5.81,-6.08,-3.78,-0.79,-0.98,1.0,-1.64
1993-11-01,-11.99,-13.59,-15.88,-16.28,-18.83,-15.63,-17.11,-16.92,-20.12,-20.94,-17.39,-18.55,-18.29,-17.32,-18.69,-14.98,-16.36,-17.09,-17.43,-16.6,-13.92,-13.9,-15.1,-16.7,-17.31
1993-12-01,-0.92,2.04,0.31,1.71,2.31,0.05,2.77,2.8,3.34,4.63,1.41,3.32,0.36,4.03,3.08,1.09,0.76,0.33,4.03,2.45,-0.39,1.17,1.44,2.74,3.85
1994-01-01,18.19,18.83,17.4,18.02,20.95,22.63,20.47,20.65,17.66,16.79,21.9,18.81,14.81,17.7,19.35,20.97,16.57,16.73,14.92,14.21,14.43,14.37,16.77,16.68,18.77
1994-02-01,4.36,6.01,5.75,7.26,6.73,3.43,3.56,5.37,7.29,6.86,3.39,4.66,5.0,4.38,7.62,3.09,4.39,5.06,7.37,5.84,2.05,2.01,3.59,3.56,5.16
1994-03-01,5.0,4.51,5.17,3.76,4.89,4.87,2.97,1.73,5.2,3.33,2.01,0.64,1.89,1.78,0.18,1.53,0.59,0.65,1.23,1.32,-1.29,-1.38,-4.62,-3.44,-3.12
1994-04-01,8.18,9.51,8.2,8.24,7.14,6.49,5.68,5.65,4.9,4.77,5.19,3.71,2.69,2.14,2.15,3.95,4.04,3.27,3.51,1.95,2.05,4.26,4.41,3.73,1.37
1994-05-01,2.0,1.79,1.8,1.38,0.6,1.64,0.35,0.62,-0.0,0.15,2.44,0.35,-0.15,-0.85,-3.42,2.24,0.99,1.1,-0.16,-0.75,2.09,1.19,1.44,2.33,2.44
1994-06-01,12.66,13.61,13.5,13.69,14.24,10.86,8.35,9.93,9.67,11.16,7.94,8.46,7.67,10.63,10.47,6.73,7.78,6.06,6.86,9.93,5.88,5.1,4.47,5.4,6.57
1994-07-01,-2.87,-3.16,-2.16,-3.66,-3.7,-2.98,-2.8,-3.34,-2.89,-2.92,-3.71,-4.16,-2.72,-3.49,-3.59,-2.96,-2.06,-3.22,-3.24,-4.73,-3.09,-2.49,-4.05,-3.81,-5.52
1994-08-01,-2.09,-0.84,-1.84,-1.82,-2.15,-1.19,-0.73,-1.52,-1.67,-3.28,-0.41,-1.32,-0.99,-0.61,-2.42,-2.14,-0.88,-0.57,0.07,-0.96,-0.37,1.42,-2.4,1.3,0.91
1994-09-01,-4.15,-5.89,-3.08,-4.32,-3.63,-5.41,-4.8,-3.91,-5.11,-2.79,-5.84,-3.69,-4.2,-4.47,-4.81,-4.79,-1.87,-2.75,-3.21,-3.0,-2.61,-2.63,-2.89,-1.25,-2.72
1994-10-01,1.58,2.26,3.56,4.51,4.18,2.03,1.79,1.64,3.42,4.2,-0.51,0.43,1.07,2.39,1.21,-0.32,1.29,1.5,1.93,2.27,-0.22,1.73,2.84,4.09,4.47
1994-11-01,-8.27,-8.51,-7.14,-6.62,-6.23,-9.51,-8.12,-8.35,-8.41,-8.06,-7.76,-6.88,-9.52,-8.19,-8.66,-6.76,-6.8,-6.51,-7.07,-7.32,-4.63,-5.11,-6.78,-6.14,-6.65
1994-12-01,2.55,1.47,2.98,3.39,1.99,1.56,1.2,3.7,2.19,3.02,2.19,3.11,4.05,4.13,3.15,2.23,2.49,3.45,2.03,2.94,1.8,2.52,2.83,1.18,0.44
1995-01-01,1.77,2.12,-2.84,-4.42,-9.59,0.65,-2.26,-0.57,-6.2,-9.61,-2.9,-3.45,0.33,-6.19,-10.57,-2.55,-0.91,-4.31,-7.26,-9.22,-4.01,-3.88,-7.18,-8.94,-11.56
1995-02-01,-9.67,-4.98,-4.1,-3.07,-2.14,-10.0,-5.36,-4.69,-4.32,-5.01,-9.75,-6.66,-5.31,-5.51,-6.17,-11.0,-5.69,-5.02,-4.72,-7.04,-5.68,-6.04,-2.84,-4.51,-5.21
1995-03-01,2.57,8.09,6.23,6.78,5.72,6.73,7.4,5.56,8.06,5.32,6.4,6.5,5.99,5.14,5.45,8.08,8.16,6.69,8.3,4.32,12.35,8.03,9.63,9.7,9.28
1995-04-01,0.57,1.25,2.43,-0.02,0.63,1.8,0.3,2.83,1.35,1.63,1.64,2.57,1.71,3.44,3.71,2.6,3.3,3.5,3.15,5.38,3.23,5.88,3.41,4.37,6.11
1995-05-01,-7.29,-7.74,-6.87,-5.61,-6.68,-9.91,-8.72,-9.39,-8.78,-5.07,-9.73,-9.65,-9.46,-8.14,-8.63,-10.16,-8.45,-6.96,-8.03,-5.77,-6.75,-6.16,-5.35,-4.76,-6.63
1995-06-01,-6.05,-6.93,-5.44,-6.01,-5.41,-3.97,-4.87,-6.14,-6.85,-3.29,-3.52,-5.54,-5.93,-5.43,-2.5,-4.43,-5.47,-6.55,-4.36,-2.17,-3.66,-4.35,-5.85,-2.7,-3.42
1995-07-01,5.63,4.49,4.06,2.13,-0.16,7.81,8.11,5.83,3.55,-0.3,8.51,7.98,5.66,5.67,0.88,11.78,7.24,5.73,4.02,0.24,10.06,8.75,8.09,6.7,3.73
1995-08-01,2.79,-1.69,-2.1,-2.61,-4.19,2.02,-0.08,-0.35,-2.16,-7.57,1.33,-0.27,-1.66,-2.41,-4.43,3.43,0.11,-1.49,-2.22,-6.15,1.05,-2.99,-5.03,-4.07,-1.96
1995-09-01,-4.96,-3.56,-3.12,-3.32,-4.21,-3.06,-4.41,-4.58,-4.01,-0.93,-4.16,-2.93,-1.87,-2.29,-2.81,-2.34,-3.05,-3.07,-3.03,-3.19,-2.0,-0.64,-2.26,-0.43,0.26
1995-10-01,-1.89,-0.91,0.09,-1.48,-0.61,-3.69,-3.66,-3.33,-2.67,-1.19,-4.05,-3.43,-0.98,-2.4,1.29,-4.12,-2.94,-3.64,-2.33,-2.34,-6.68,-4.43,-4.11,-5.0,-2.58
1995-11-01,4.97,3.52,6.52,1.66,0.6,4.87,5.69,4.91,4.68,5.74,4.6,4.4,5.63,4.23,2.76,5.19,4.6,3.7,2.03,2.48,6.29,6.36,5.81,3.7,3.72
1995-12-01,10.24,10.94,6.87,6.48,4.16,10.43,6.32,5.82,3.33,3.2,9.54,6.57,4.68,3.54,1.91,8.26,5.4,4.08,4.38,1.3,10.1,4.75,5.48,3.7,1.98
1996-01-01,3.66,3.11,1.63,0.9,-2.75,2.62,2.36,2.02,0.17,-0.15,2.4,2.79,0.09,2.75,0.0,2.39,0.08,0.19,-0.1,-2.74,-3.41,-1.66,-0.43,-2.3,-2.19
1996-02-01,-0.47,-0.91,-2.19,-3.26,-4.39,-0.87,-1.22,-1.91,-2.11,-3.56,-0.26,-1.21,-1.97,-0.21,-2.31,-1.97,0.34,-1.53,-1.01,-0.64,-1.41,-1.59,-2.53,-1.09,-1.5
1996-03-01,0.77,2.66,2.17,5.38,1.95,1.3,2.46,2.31,4.52,1.22,1.78,2.65,3.39,3.56,0.22,2.06,3.36,2.21,4.54,1.96,4.44,3.8,2.72,2.21,3.9
1996-04-01,15.83,15.96,12.46,13.4,11.05,10.62,11.0,11.34,10.64,10.01,12.66,10.38,8.7,9.62,9.37,10.47,9.22,8.25,7.26,7.73,7.16,6.04,4.94,5.61,5.93
1996-05-01,-2.01,-2.07,-3.09,-2.37,-2.76,-2.64,-3.16,-1.28,-3.21,-4.74,-2.55,-2.05,-3.87,-3.86,-5.36,-3.48,-4.48,-3.73,-4.13,-7.08,-4.95,-3.16,-6.17,-4.54,-4.47
1996-06-01,-0.01,-0.96,-2.09,-0.32,-1.72,-0.35,-0.39,-0.47,0.65,-2.94,0.02,-0.43,0.67,0.65,0.67,-0.05,-0.02,0.83,1.25,-2.06,-1.2,-0.05,2.67,1.58,0.52
1996-07-01,-1.28,-2.71,-3.26,-4.99,-8.39,-1.88,-3.42,-5.23,-6.95,-9.91,-3.66,-4.2,-4.6,-6.95,-10.61,-3.41,-3.82,-4.4,-5.38,-7.91,-3.1,-5.25,-4.83,-4.67,-4.87
1996-08-01,-4.55,-2.94,-3.58,-3.24,-3.46,-4.53,-4.55,-3.93,-3.15,-3.03,-4.48,-4.73,-4.03,-4.39,-2.31,-4.87,-5.04,-4.73,-5.67,-4.37,-3.14,-4.05,-5.91,-4.18,-6.51
1996-09-01,-2.07,-2.71,-1.84,-2.75,-2.14,-1.68,-0.16,-1.18,-1.66,-1.82,0.8,1.04,1.06,1.32,-1.07,1.55,1.9,1.98,2.93,0.19,4.36,2.22,3.5,4.16,4.35
1996-10-01,-6.43,-6.16,-5.31,-5.45,-3.2,-6.52,-6.17,-6.88,-5.91,-5.8,-8.62,-7.5,-7.72,-7.07,-5.44,-6.76,-6.97,-6.48,-7.13,-7.23,-7.38,-6.09,-7.55,-6.73,-7.04
1996-11-01,-4.11,-4.12,-3.44,-4.0,-6.24,-3.64,-2.5,-2.16,-3.86,-4.76,-3.27,-3.37,-1.55,-3.63,-3.59,-2.43,-1.74,-1.98,-1.1,-0.7,1.08,0.21,-0.23,1.1,8.4
1996-12-01,-12.34,-9.57,-10.13,-9.45,-10.64,-11.44,-8.79,-10.21,-10.78,-10.94,-12.14,-9.23,-9.49,-10.37,-9.33,-9.35,-7.22,-9.35,-9.78,-8.32,-5.9,-8.55,-7.89,-8.45,-0.75
1997-01-01,-10.45,-10.09,-9.42,-10.0,-9.25,-8.34,-11.59,-9.93,-9.16,-10.95,-10.9,-9.79,-8.84,-8.24,-11.56,-11.72,-9.65,-10.39,-9.24,-8.6,-18.64,-12.61,-9.07,-8.65,-7.39
1997-02-01,-1.46,0.51,-2.01,-0.4,-2.06,-0.68,1.2,1.0,-2.09,-1.09,-1.56,0.64,-0.42,-0.41,-1.68,-1.85,1.47,-0.13,0.57,1.84,2.97,4.46,1.32,2.04,2.24
1997-03-01,-8.4,-7.77,-7.0,-6.1,-6.78,-8.77,-7.2,-7.96,-4.28,-6.69,-9.47,-7.72,-7.17,-5.02,-5.34,-7.25,-6.28,-6.0,-3.87,-3.81,-6.38,-3.3,-1.98,-2.61,-0.97
1997-04-01,-3.83,-4.15,-4.67,-5.04,-4.12,-4.54,-3.03,-1.69,-1.73,-3.9,-1.34,-0.89,2.97,0.16,1.02,-1.4,0.72,-0.49,1.97,3.67,-1.91,0.35,1.24,3.96,6.28
1997-05-01,19.65,14.59,14.17,13.06,13.08,20.74,15.9,15.08,13.98,12.41,18.12,16.67,15.59,11.77,14.91,18.93,13.56,13.75,11.75,12.45,14.54,15.41,10.08,11.36,13.55
1997-06-01,3.27,3.49,3.92,4.07,4.73,0.66,3.42,3.2,2.42,3.49,2.05,3.67,3.98,3.15,4.61,2.27,3.13,3.63,3.29,3.22,14.48,10.83,5.99,5.02,3.93
1997-07-01,-13.92,-10.24,-8.08,-7.0,-8.45,-15.35,-9.96,-7.74,-7.21,-1.82,-15.07,-9.83,-6.29,-3.92,3.02,-13.37,-10.23,-7.16,-3.44,2.91,-10.19,-8.02,-7.54,-6.1,5.29
1997-08-01,-10.06,-9.41,-9.04,-6.89,-11.1,-11.47,-10.01,-9.57,-10.08,-9.24,-14.67,-11.18,-9.23,-10.76,-10.94,-10.86,-10.73,-8.83,-8.51,-14.63,-5.43,-5.67,-8.03,-6.58,-11.84
1997-09-01,-18.44,-11.4,-9.56,-9.98,-16.36,-16.81,-11.26,-7.84,-8.51,-8.78,-17.57,-11.49,-8.46,-7.76,-1.37,-12.81,-8.27,-4.78,-3.57,1.22,-10.37,-4.16,-2.95,-0.71,5.05
1997-10-01,4.43,-2.8,-4.24,-3.64,-9.95,3.12,-0.99,-3.32,-2.51,-6.19,2.8,-2.79,0.68,-2.19,1.53,-0.23,-3.01,-2.59,-2.18,-5.2,-12.85,-12.63,-13.32,-7.9,-7.46
1997-11-01,-21.42,-15.19,-13.77,-10.74,-20.52,-21.2,-17.64,-13.85,-13.08,-8.22,-21.14,-14.48,-12.91,-11.65,-10.24,-17.12,-11.65,-9.33,-11.36,-5.98,-24.88,-12.62,-3.42,-6.02,-2.26
1997-12-01,-15.58,-12.12,-7.95,-9.0,-21.45,-19.33,-13.75,-11.33,-6.63,-10.62,-18.42,-15.58,-12.05,-11.29,-7.48,-13.7,-16.15,-10.29,-14.09,-9.62,-14.73,-10.2,-8.1,-2.21,-1.37
1998-01-01,36.17,19.17,18.16,13.06,12.76,33.45,18.78,11.43,10.21,16.19,29.05,17.3,12.14,11.49,11.49,29.74,19.37,12.83,10.74,9.3,25.76,18.31,7.69,4.72,3.67
1998-02-01,9.25,1.59,1.81,0.53,6.84,10.4,4.18,0.57,1.4,-0.44,8.36,4.05,1.56,2.03,-2.19,8.05,4.09,1.63,-0.5,0.32,7.22,6.49,0.03,-0.95,-1.53
1998-03-01,-10.7,-7.02,-6.77,-4.05,-7.63,-10.38,-8.28,-6.81,-6.31,-9.65,-10.5,-5.86,-4.53,-6.15,-5.85,-8.53,-6.31,-4.56,-2.71,-3.65,-15.22,-10.9,-9.49,-3.61,-4.67
1998-04-01,-5.72,-5.43,-3.57,-3.44,-5.72,-6.44,-6.81,-5.43,-2.85,-2.69,-5.9,-4.76,-1.07,0.68,5.09,-6.4,-3.88,-4.5,-3.44,0.19,-1.24,-5.07,-2.57,-2.57,0.89
1998-05-01,-4.62,-4.4,-3.68,-5.59,-6.01,-4.22,-3.73,-4.55,-3.16,-5.94,-3.65,-3.92,-2.37,-5.44,-1.35,0.22,-1.66,-3.43,-2.95,-0.31,-2.85,-9.06,-7.44,-3.96,-4.01
1998-06-01,2.27,0.77,-1.38,-2.31,-3.65,1.01,1.44,0.37,-2.58,5.87,1.54,1.02,0.34,0.54,-1.34,0.86,2.14,2.47,-0.68,1.29,0.48,-0.08,1.32,0.02,0.63
1998-07-01,-1.38,-2.85,-2.28,-3.97,-2.0,-1.09,-2.68,-2.56,-1.41,0.0,0.54,-3.24,0.32,-2.9,0.43,-0.97,-0.18,-2.6,-2.41,0.34,-7.81,-3.0,-0.87,-0.68,1.06
1998-08-01,-9.93,-6.87,-5.61,-5.45,-10.16,-10.12,-7.96,-8.66,-7.19,-9.53,-8.77,-7.07,-4.7,-3.45,-3.68,-10.41,-8.53,-4.36,-3.39,-3.64,-14.56,-16.37,-8.76,-7.96,-5.13
1998-09-01,-7.55,-5.77,-4.68,-4.32,-8.98,-9.02,-6.27,-2.86,-2.38,-7.64,-6.15,-4.22,-2.22,-2.22,-3.47,-6.67,-1.82,-1.27,-0.89,-6.72,-8.09,-6.17,-1.62,-1.86,-1.59
1998-10-01,12.99,14.68,13.8,15.69,18.19,11.74,11.87,12.07,13.57,17.79,14.95,15.24,11.39,9.38,9.88,21.34,14.99,17.51,12.86,8.0,33.61,13.12,12.75,13.82,14.21
1998-11-01,12.83,4.93,2.25,1.3,0.6,14.4,6.34,2.47,1.74,2.2,7.33,4.12,2.57,-0.19,4.21,8.26,4.25,2.13,-0.32,4.79,11.27,4.81,3.96,2.42,-0.75
1998-12-01,0.56,2.31,4.08,3.84,5.45,-0.13,0.51,1.57,3.27,1.62,2.16,2.72,3.63,5.59,7.7,-0.66,2.39,4.2,5.4,9.84,-3.8,1.07,3.67,7.08,8.23
1999-01-01,-2.29,-1.06,-2.53,0.72,2.47,-1.67,-0.44,-0.31,-0.37,2.27,1.58,-1.56,0.27,4.28,3.37,3.39,0.23,-1.91,0.98,2.29,3.97,3.99,-0.83,-3.06,-0.04
1999-02-01,0.39,-0.0,0.0,3.1,12.06,-2.22,-3.0,-2.87,1.99,4.85,-2.39,-2.58,-2.68,-1.6,1.75,-5.66,-1.9,-3.32,-3.93,-0.61,-1.78,-0.86,-3.92,-3.61,-3.31
1999-03-01,16.17,12.26,13.42,10.56,20.61,15.7,13.76,12.14,13.58,16.57,17.62,10.46,7.38,6.28,17.99,20.48,11.27,8.05,10.75,17.86,24.6,16.02,12.52,10.23,11.54
1999-04-01,15.03,11.25,10.31,11.98,12.1,12.53,10.01,10.39,6.52,9.08,7.31,6.2,7.98,5.75,7.43,6.01,3.45,1.19,4.32,7.46,9.09,1.86,4.23,3.54,6.61
1999-05-01,-5.1,-3.89,-5.75,-4.87,-9.74,-5.78,-4.42,-5.1,-7.15,-7.66,-2.41,-3.95,-1.22,-5.44,-5.22,-4.79,-1.49,-2.09,-3.76,-5.23,-2.53,-5.39,-6.05,-4.01,-8.16
1999-06-01,13.1,12.98,11.75,16.46,25.81,11.75,11.21,13.41,17.98,29.12,5.26,6.19,8.58,13.36,21.01,4.17,2.64,7.46,9.58,21.4,8.39,9.03,9.36,9.74,19.11
1999-07-01,8.78,9.02,8.58,9.76,8.36,5.71,4.3,6.19,5.2,8.91,5.82,7.32,5.19,9.11,10.74,5.09,7.13,7.68,5.78,14.22,8.72,10.35,8.39,14.42,13.52
1999-08-01,1.9,0.59,1.75,3.89,3.89,2.56,2.39,1.65,3.68,7.29,1.49,0.57,2.61,6.05,11.73,0.41,2.21,1.09,3.62,11.76,-0.76,1.97,-3.46,6.67,11.66
1999-09-01,-0.86,0.22,-0.28,0.21,7.06,1.3,0.19,1.42,3.75,11.02,1.67,2.97,3.35,5.24,9.18,1.04,1.94,5.91,6.4,10.37,0.64,1.71,6.57,9.2,12.67
1999-10-01,-1.38,-1.14,-0.97,-2.3,2.07,-0.76,-3.87,-3.15,0.57,2.35,-1.21,-2.97,-4.89,3.32,1.8,-2.69,-3.38,-0.58,3.95,0.14,-3.66,3.73,9.28,8.62,9.79
1999-11-01,-5.25,-4.64,-4.24,-6.25,-0.76,-4.54,-3.65,-7.58,-3.99,2.32,-5.66,-7.76,-6.83,-1.97,7.93,-3.47,-5.56,-5.93,3.88,13.74,-0.04,-4.77,4.36,11.25,25.55
1999-12-01,-7.74,-6.49,-6.7,-6.4,-8.9,-8.98,-6.92,-7.05,-11.54,-7.67,-5.04,-4.95,-2.79,-4.14,-4.51,-5.09,-5.78,-1.22,-4.0,-5.26,-6.02,0.05,4.31,10.3,10.27
2000-01-01,-0.43,-1.18,-0.09,0.58,3.39,0.8,0.06,0.49,1.31,-0.87,2.9,1.04,-1.43,4.31,-3.61,-0.96,1.26,3.85,0.02,-2.78,1.39,-3.52,-3.2,-9.22,-9.12
2000-02-01,-9.57,-7.37,-3.12,-1.73,14.26,-7.11,-6.34,-3.56,1.36,10.03,-9.81,-9.62,-5.36,1.33,2.64,-13.71,-9.63,-5.99,0.48,4.86,-12.83,-7.46,-8.38,-3.96,7.03
2000-03-01,15.87,13.67,11.32,7.93,1.29,18.34,11.4,8.58,13.25,1.29,15.54,13.65,10.09,5.9,-3.74,14.65,14.63,10.78,4.27,-2.07,12.84,14.9,20.85,9.97,-5.37
2000-04-01,-12.25,-10.01,-9.59,-11.78,-11.22,-10.82,-7.89,-8.81,-11.24,-17.5,-5.55,-6.77,-6.63,-7.66,-10.57,-1.54,-2.67,-3.66,-3.71,-14.02,1.68,-5.02,-4.48,-10.19,-13.03
2000-05-01,4.88,2.47,2.49,0.96,0.53,5.58,7.09,5.21,0.08,-0.82,8.99,7.35,4.71,-0.83,-7.94,12.14,5.09,-0.37,-11.42,-11.02,6.39,-2.76,-4.87,-4.86,-19.25
2000-06-01,15.36,9.72,8.36,10.89,12.15,15.92,13.24,12.41,9.41,4.47,11.57,11.77,7.77,7.46,4.88,8.85,7.65,10.95,7.83,7.73,7.25,2.14,5.83,8.27,3.22
2000-07-01,-8.89,-7.19,-7.04,-10.83,-16.97,-11.46,-8.71,-7.55,-14.02,-19.22,-10.23,-10.17,-10.78,-15.7,-18.05,-12.93,-9.86,-9.63,-14.65,-16.56,-3.72,-9.17,-9.91,-10.76,-15.1
2000-08-01,3.41,3.49,4.99,10.71,10.07,5.95,5.89,9.7,12.24,17.23,4.68,6.53,7.48,9.66,15.78,2.37,4.99,5.01,8.86,11.69,4.02,4.48,1.81,7.39,11.82
2000-09-01,-5.58,-3.5,-3.4,-3.73,-8.11,-5.34,-5.05,-3.07,-6.58,-5.41,-7.25,-4.2,-2.61,-4.19,-7.83,-3.81,-1.83,-1.13,0.59,-5.17,-4.22,1.14,-5.37,-5.88,-4.9
2000-10-01,-9.94,-7.98,-6.66,-9.24,-16.76,-13.2,-7.53,-8.35,-11.5,-11.88,-11.87,-7.16,-5.99,-9.37,-12.88,-6.3,-5.94,-4.45,-7.29,-6.34,-2.35,0.12,-9.02,-3.45,-10.49
2000-11-01,-0.21,0.4,-0.38,-0.58,1.82,1.46,-0.17,0.34,1.76,1.6,1.38,-0.36,-1.44,3.43,0.77,-1.37,-1.5,-1.13,0.37,-2.74,-3.51,-6.0,-0.82,-2.17,-3.96
2000-12-01,-7.93,-6.53,-5.7,-7.34,-9.53,-8.83,-7.85,-6.19,-9.31,-12.55,-8.0,-6.08,-5.54,-9.23,-10.57,-7.44,-2.16,-5.99,-6.12,-8.19,-19.95,-5.06,-3.32,-8.58,-7.55
2001-01-01,2.69,-0.75,-0.17,-0.49,2.08,5.61,-0.96,-1.04,-0.55,1.23,1.61,-1.93,-2.74,0.07,-3.21,5.02,-2.58,-3.52,-1.19,-3.98,4.95,1.16,-2.52,-5.59,-6.16
2001-02-01,5.9,3.78,2.34,2.11,0.46,0.8,3.07,2.82,2.58,-0.89,-0.45,-1.54,1.87,1.27,-3.12,-6.98,-4.47,-2.81,2.55,-0.44,-10.98,-2.06,-10.56,0.44,-5.91
2001-03-01,-4.19,-2.28,-3.05,-1.53,-3.1,-1.37,-3.55,-1.29,-3.6,1.97,-1.69,-3.81,-4.42,-4.14,-5.33,-1.06,-2.91,-2.45,-1.86,-4.91,-4.59,-4.58,-2.18,-4.39,-4.78
2001-04-01,12.76,12.49,11.41,9.73,8.54,6.44,10.82,10.4,11.7,11.73,10.55,9.49,10.73,13.56,14.73,12.23,9.03,10.02,14.56,12.95,10.72,4.46,9.94,6.97,9.85
2001-05-01,4.83,2.61,2.0,1.67,3.4,1.95,1.07,2.53,2.11,2.14,0.4,1.81,2.0,3.2,2.56,0.84,2.42,1.01,1.59,1.9,-3.69,0.68,1.06,3.11,-0.15
2001-06-01,-8.6,-3.63,-2.48,-0.39,-2.47,-6.9,-3.89,-3.09,1.02,-0.35,-7.96,-1.64,-0.82,1.6,-1.36,-8.16,-4.24,-1.65,-2.59,-2.34,-11.68,-7.07,-3.56,-2.07,0.47
2001-07-01,-11.54,-7.39,-6.07,-4.85,-7.69,-12.08,-7.41,-7.47,-5.32,-10.67,-11.37,-6.25,-4.36,-6.39,-4.88,-10.2,-5.7,-2.26,-6.94,-5.42,-9.67,-11.88,-10.81,-6.84,-2.5
2001-08-01,0.34,2.72,4.63,4.81,3.83,-5.98,1.61,5.8,4.95,4.86,-4.23,-0.57,1.76,2.59,2.84,-3.01,-1.89,0.25,-1.19,1.84,-7.84,-5.79,-1.08,2.35,-2.71
2001-09-01,-13.27,-9.8,-7.38,-6.9,-11.69,-12.95,-8.68,-5.55,-8.34,-11.72,-10.18,-8.87,-4.12,-5.59,-8.62,-8.78,-7.0,-7.32,-5.54,-6.83,-5.45,-12.26,-4.43,-5.53,-8.75
2001-10-01,8.64,4.06,0.72,0.87,3.99,7.38,3.19,3.28,1.72,4.24,6.46,1.11,0.61,1.44,2.19,6.03,-0.7,0.4,2.28,1.02,0.16,1.59,1.7,1.36,-0.67
2001-11-01,-6.87,-7.48,-5.68,-4.41,-5.29,-4.08,-6.84,-4.35,-4.45,-8.3,1.82,-5.08,-5.42,-3.93,-7.53,1.32,-2.69,-4.03,-3.85,-6.38,4.1,1.62,-3.55,-3.29,-10.84
2001-12-01,-19.06,-14.18,-12.12,-9.93,-11.61,-16.75,-12.09,-10.32,-7.19,-11.69,-11.66,-8.85,-9.32,-8.17,-9.27,-10.89,-9.73,-8.35,-6.67,-11.28,-11.64,-5.47,-5.31,-4.17,-6.23
2002-01-01,-2.54,-3.47,-3.69,-4.03,-2.54,-3.06,-6.54,-5.42,-6.15,-3.98,-6.66,-7.33,-7.37,-6.1,-6.36,-4.38,-5.7,-6.56,-7.99,-9.28,-8.95,-8.77,-6.31,-6.69,-10.44
2002-02-01,10.77,5.94,6.15,3.73,2.19,9.72,9.13,7.12,6.11,5.32,10.46,8.37,6.71,6.77,5.55,8.07,6.01,3.28,4.17,4.11,5.08,4.94,6.29,3.55,3.68
2002-03-01,10.17,5.59,3.07,2.26,3.06,10.75,5.0,1.03,1.17,2.56,8.15,6.54,2.21,0.75,1.77,7.98,6.77,6.25,0.07,4.45,17.71,4.43,4.14,0.67,0.5
2002-04-01,4.68,4.35,4.71,3.55,5.29,5.84,6.22,4.81,6.47,5.96,6.75,7.89,6.74,3.93,6.91,7.98,6.38,7.59,6.14,5.75,2.11,4.44,8.6,5.9,3.98
2002-05-01,11.14,9.86,8.77,7.69,7.8,9.52,9.44,8.15,9.25,10.33,12.16,9.54,9.83,9.1,9.71,11.82,12.68,9.42,7.67,8.38,11.73,6.8,6.35,4.82,0.28
2002-06-01,-3.81,-1.89,-1.4,1.89,-0.78,-5.63,-3.11,-2.04,-1.31,-1.34,-6.35,-3.49,-4.21,-2.2,-3.17,-5.71,-5.04,-4.57,-1.81,-0.88,-9.82,-5.52,-3.42,-2.9,-2.12
2002-07-01,-3.3,-1.35,-1.25,-0.96,-0.71,-3.77,-1.1,-2.44,-1.09,0.39,-4.27,-2.65,-3.09,-2.02,0.84,-6.37,-6.5,-4.2,-3.35,-4.42,-7.96,-5.09,-6.0,-6.0,-8.94
2002-08-01,-4.05,-0.98,-1.33,-0.58,-2.25,-5.02,-1.77,-0.8,-1.2,-0.81,-3.23,-0.14,-0.18,1.44,-2.65,-2.87,-0.53,-0.81,-2.7,-1.11,-2.6,-1.03,0.25,-1.25,-1.74
2002-09-01,-7.22,-3.98,-5.16,-4.72,-6.34,-6.78,-3.81,-4.8,-2.99,-7.53,-3.95,-3.57,0.1,-4.71,-2.68,-5.63,-2.39,-4.74,-4.35,-3.28,-1.81,-2.31,-9.93,-4.01,-5.61
2002-10-01,-11.65,-9.39,-6.13,-5.55,-6.81,-12.39,-10.35,-7.09,-6.06,-6.41,-12.39,-8.15,-6.46,-6.05,-6.6,-9.67,-6.85,-5.48,-7.14,-8.41,-11.12,-5.96,-4.43,-7.38,-2.31
2002-11-01,-5.25,-4.18,-4.14,-3.39,-3.6,-1.84,-1.47,-0.31,-0.5,0.3,2.63,-0.07,0.33,0.14,-1.34,7.28,1.68,1.45,1.15,1.54,7.2,2.68,0.58,4.92,4.27
2002-12-01,-1.32,-0.82,1.2,1.26,1.73,-1.93,-1.54,0.48,0.32,0.58,-3.82,-0.44,-1.79,-0.52,0.3,-6.29,-1.38,-0.75,0.07,0.24,-7.3,-2.58,-1.34,1.56,-1.47
2003-01-01,2.54,3.62,2.64,3.19,4.47,0.39,-0.72,-1.88,1.27,2.22,-2.37,-4.87,-2.54,-2.27,-0.55,-1.1,-2.46,-4.46,-3.34,-2.42,-2.24,-2.89,-2.93,-7.53,-4.88
2003-02-01,7.77,7.21,5.84,5.7,4.41,4.34,6.65,6.21,5.39,6.78,1.61,5.57,4.46,3.96,3.75,1.26,4.49,2.65,3.72,4.99,-0.41,-0.21,0.37,1.85,3.6
2003-03-01,-1.52,0.78,1.31,0.67,0.09,-2.21,0.7,3.33,1.42,1.01,-3.38,0.29,0.2,1.79,-0.62,-4.53,-2.25,1.12,0.32,0.59,-6.13,-4.02,-2.46,-2.83,-3.5
2003-04-01,6.48,5.27,5.19,3.95,5.7,8.75,2.8,5.1,3.54,5.73,-1.14,1.87,3.04,3.35,4.52,0.49,2.67,1.38,3.39,5.07,-3.13,-1.14,0.42,5.37,5.92
2003-05-01,15.09,10.27,7.93,7.75,7.45,11.71,8.51,5.17,4.06,3.57,8.86,5.29,2.63,3.16,2.46,12.23,5.06,3.54,3.92,1.16,9.16,4.85,2.69,1.28,1.46
2003-06-01,20.15,17.59,11.06,7.47,9.5,20.37,11.59,8.97,4.43,3.69,18.53,9.96,5.03,1.36,3.22,14.53,8.35,3.92,3.37,7.72,11.97,7.58,4.83,5.01,3.13
2003-07-01,4.75,0.92,0.83,2.41,0.65,3.01,2.54,0.77,0.42,1.78,4.49,4.69,3.0,0.81,1.31,6.17,1.87,-1.63,-1.68,2.17,7.09,4.06,3.84,1.0,2.2
2003-08-01,11.44,6.3,6.14,8.89,13.91,11.43,6.08,5.65,8.34,10.16,10.08,8.2,6.17,7.34,10.56,12.99,9.58,8.75,6.85,9.6,14.37,9.23,8.02,8.93,8.23
2003-09-01,11.73,9.8,8.06,9.71,10.35,10.37,7.83,7.27,7.32,7.62,12.21,8.12,8.96,8.04,10.99,9.87,10.43,5.15,10.22,9.34,7.17,9.27,5.02,3.72,8.01
2003-10-01,8.08,2.5,3.84,5.29,9.26,8.41,1.32,3.1,6.51,7.86,4.83,1.01,4.3,4.6,9.26,2.27,2.3,2.31,4.48,15.67,2.84,1.0,4.33,4.62,4.53
2003-11-01,-6.7,-3.4,-5.66,-6.78,-11.4,-3.64,-3.92,-4.31,-5.03,-9.12,-3.89,-2.18,-4.88,-6.61,-8.82,-5.17,-2.32,-3.38,-3.9,-11.11,-0.45,0.33,-4.14,-6.02,-10.0
2003-12-01,1.93,5.1,4.43,5.7,3.34,4.28,4.85,6.03,6.58,6.68,3.68,3.65,5.52,8.22,5.98,4.27,7.82,6.39,9.3,8.04,6.39,4.67,5.92,9.35,7.69
2004-01-01,6.53,5.33,7.42,9.91,12.9,3.04,3.57,5.36,8.65,9.17,1.62,3.2,4.33,4.52,7.3,1.58,1.84,2.6,2.58,2.22,5.15,0.44,1.6,0.77,-0.5
2004-02-01,-1.06,1.11,0.84,0.41,-1.95,-0.13,0.89,1.4,0.66,-2.41,1.22,2.13,2.35,-0.56,0.17,0.68,-0.0,1.62,-1.48,-1.05,-0.84,0.7,1.09,-1.92,-0.66
2004-03-01,17.67,19.12,22.73,26.2,31.56,15.68,16.77,25.06,22.41,25.34,14.55,17.32,18.88,19.84,24.52,14.33,14.5,16.34,16.33,24.44,7.84,12.02,11.77,15.7,25.83
2004-04-01,-0.4,-0.68,1.55,4.87,8.94,-2.79,-0.94,-0.85,0.44,3.47,-2.36,-1.62,-2.53,-0.92,3.26,-3.62,-3.97,-4.73,-1.73,0.85,-5.58,-5.9,-5.63,-7.49,-2.53
2004-05-01,-3.96,-4.14,-4.11,-5.89,-10.19,-1.61,-2.65,-4.8,-6.14,-9.92,-1.26,-1.75,-2.3,-4.59,-9.29,-1.42,-1.51,-2.53,-4.0,-7.05,-1.07,-1.39,-3.16,-2.38,-7.24
2004-06-01,6.77,7.25,10.24,9.55,15.31,6.9,9.24,8.31,8.56,12.76,6.16,7.5,8.4,10.39,14.4,4.4,6.99,7.05,8.51,10.6,3.51,5.98,5.75,3.12,3.41
2004-07-01,-5.15,-2.98,-4.16,-4.47,-8.52,-5.47,-4.55,-5.34,-5.97,-10.55,-5.91,-4.91,-6.77,-7.46,-10.25,-6.82,-4.91,-6.27,-7.12,-13.11,-3.29,-5.29,-5.2,-8.55,-11.39
2004-08-01,1.99,1.83,1.97,1.58,1.88,0.83,0.83,0.5,2.08,1.35,0.75,1.16,0.53,1.94,2.49,-0.39,0.3,0.29,1.47,1.62,1.28,-0.44,1.05,-0.61,6.75
2004-09-01,-0.95,-0.56,-2.84,-3.01,-6.72,-3.19,-2.64,-1.37,-3.05,-6.19,-2.18,-2.72,-2.85,-2.66,-4.37,-2.03,-1.93,-1.82,-2.35,-5.57,-2.1,-2.24,-2.55,-3.55,-6.01
2004-10-01,4.79,5.11,2.33,4.9,1.64,2.14,1.39,2.42,2.04,1.64,2.23,1.95,2.04,3.15,1.87,2.2,2.12,1.52,0.59,1.57,2.89,3.63,2.43,1.46,3.0
2004-11-01,3.04,3.06,3.56,4.6,4.77,4.72,2.91,2.23,2.6,2.17,2.12,4.45,2.75,2.83,1.84,2.45,4.06,3.6,3.72,4.55,4.35,3.78,5.95,3.04,2.72
2004-12-01,2.95,3.54,5.57,3.71,2.82,3.48,4.57,4.3,5.45,5.4,5.86,4.47,6.16,6.57,4.87,6.75,5.56,4.39,4.99,5.6,4.39,5.08,4.51,6.56,7.57
2005-01-01,8.29,4.75,5.8,7.01,8.08,4.92,3.06,5.31,5.15,6.34,2.4,1.62,2.81,3.37,4.06,1.84,1.76,2.42,1.06,4.45,-4.37,-2.29,-2.46,-0.86,-2.06
2005-02-01,2.6,3.98,7.22,5.82,6.54,0.83,1.13,4.5,3.97,3.73,2.7,1.93,3.29,3.31,5.52,0.3,1.21,1.93,1.98,-0.25,2.2,1.83,2.63,0.43,-0.2
2005-03-01,0.31,2.76,3.89,3.3,1.39,-0.87,3.6,0.79,1.12,0.15,0.06,1.59,0.86,0.6,0.79,-1.82,0.16,1.8,1.86,-0.92,-1.6,-1.63,-2.68,-1.85,-1.66
2005-04-01,3.82,1.71,0.98,-0.36,0.94,0.41,1.25,-0.19,-0.31,1.2,-1.77,-1.8,1.32,-1.31,0.7,-1.54,-1.74,-1.85,-1.41,0.09,-4.36,-3.24,-1.7,-1.37,0.53
2005-05-01,-5.11,-2.77,-4.77,-3.28,-5.51,-4.67,-3.89,-2.48,-3.93,-5.46,-4.36,-4.1,-3.43,-4.77,-1.81,-4.09,-3.01,-2.29,-2.46,-2.26,-2.48,-0.7,-3.47,-2.51,-2.42
2005-06-01,5.63,2.51,1.67,2.1,3.11,3.64,0.99,2.92,1.99,1.68,2.29,1.87,1.93,2.95,3.19,0.73,1.74,1.41,1.08,1.72,0.65,0.44,-0.56,2.0,2.71
2005-07-01,2.12,2.42,2.64,4.99,3.92,0.38,0.98,0.35,1.15,1.61,0.28,2.1,1.74,2.48,2.64,-0.8,0.44,0.33,1.52,5.09,0.73,-0.14,0.25,0.98,2.94
2005-08-01,2.0,4.9,3.91,3.68,3.8,1.23,2.35,4.74,3.47,2.6,3.11,4.34,4.55,5.12,3.78,2.82,5.07,6.02,5.43,4.96,5.74,8.5,7.27,9.56,9.96
2005-09-01,-0.29,0.77,2.45,4.3,1.91,0.44,2.21,1.97,5.66,2.87,2.94,3.7,3.34,5.85,3.31,0.9,4.28,5.02,7.15,8.8,9.09,9.45,10.2,7.29,14.26
2005-10-01,-0.61,-0.53,-0.08,1.42,2.34,1.44,2.4,1.46,3.76,4.27,0.67,2.41,3.62,4.02,6.65,0.29,1.7,3.95,2.16,5.07,-3.33,-2.1,-0.54,2.21,0.5
2005-11-01,0.8,2.69,3.64,4.11,2.45,0.69,2.72,3.57,2.85,4.45,0.05,0.54,2.1,5.22,3.9,2.9,2.17,0.72,1.84,5.35,4.16,4.06,3.79,2.24,2.95
2005-12-01,8.84,11.4,10.19,12.56,13.87,11.53,9.78,12.06,16.56,14.93,10.85,10.87,11.94,11.63,16.97,10.58,10.27,10.47,12.14,14.04,9.34,6.24,9.53,9.51,12.59
2006-01-01,3.4,5.39,5.32,5.11,2.51,4.24,5.51,5.57,5.61,2.49,1.61,1.99,4.82,3.34,0.55,1.52,2.44,5.05,4.02,0.89,6.0,3.12,4.42,5.13,1.71
2006-02-01,-6.48,-5.4,-4.9,-6.06,-8.33,-5.5,-5.49,-5.36,-6.8,-8.31,-4.2,-2.76,-5.12,-5.86,-8.24,-0.7,-3.28,-3.98,-7.54,-7.89,0.78,-1.22,0.11,-1.76,-4.32
2006-03-01,1.76,1.32,1.7,2.41,0.89,1.44,3.5,1.7,3.42,3.22,4.19,3.98,3.59,4.21,6.3,3.5,2.88,5.09,4.61,5.4,1.41,1.99,2.84,3.99,3.39
2006-04-01,0.76,3.06,2.91,2.35,2.38,0.86,2.14,1.55,0.64,0.76,0.76,2.6,1.28,0.63,1.23,2.3,2.22,3.33,0.1,-1.02,1.84,6.61,1.68,2.76,0.53
2006-05-01,-8.56,-7.35,-8.66,-8.78,-9.35,-9.1,-5.68,-8.87,-7.71,-12.34,-6.19,-8.35,-7.29,-11.46,-9.97,-4.74,-6.37,-5.68,-9.04,-10.07,-1.06,-5.03,-6.02,-8.76,-10.02
2006-06-01,-1.47,-3.25,-3.31,-3.36,-0.59,-3.27,-3.97,-4.03,-4.31,-4.03,-1.75,-2.27,-3.19,-1.96,-2.4,-2.88,-1.08,-2.84,-3.02,-3.94,-2.41,-2.45,-0.43,-0.2,0.01
2006-07-01,-8.17,-5.53,-5.99,-5.66,-8.37,-7.2,-3.62,-5.72,-5.41,-8.58,-7.39,-4.69,-4.65,-5.66,-6.85,-4.51,-2.97,-3.91,-4.29,-5.52,-5.82,0.51,0.37,0.28,-1.72
2006-08-01,2.95,1.43,0.81,0.51,-0.46,1.82,2.18,2.34,1.4,3.98,1.78,3.1,0.91,4.66,2.64,2.18,1.74,3.56,3.42,3.9,2.53,2.52,1.84,1.01,0.75
2006-09-01,-4.04,-2.74,-3.94,-2.79,-2.58,-2.8,-2.36,-1.26,-2.51,-4.23,-2.41,-1.99,-1.32,-0.54,-1.18,-1.3,-1.17,-1.12,-0.47,-1.93,-1.67,-0.03,-1.46,-1.49,-2.01
2006-10-01,-0.63,-0.33,-0.73,-1.16,-0.17,-0.68,-1.11,-0.35,-1.03,-1.19,-0.21,-0.82,-1.25,-0.91,1.9,-1.28,0.03,-0.49,1.62,-0.08,0.21,1.15,2.03,3.25,3.06
2006-11-01,-4.84,-2.15,-1.44,-2.72,-1.49,-2.31,-1.45,-1.28,-3.21,-0.49,0.68,0.0,0.39,-1.37,-0.89,-2.01,0.18,0.71,-0.79,-1.98,-1.02,-1.05,1.31,0.17,0.75
2006-12-01,-2.29,-0.61,-0.88,0.34,-0.37,-0.33,0.47,1.32,0.25,1.29,-0.55,0.49,0.2,1.6,0.78,-0.78,1.14,0.23,0.69,-0.0,-1.81,-0.41,0.79,2.52,5.77
2007-01-01,3.65,0.67,0.06,-1.01,0.28,1.78,0.57,0.25,0.69,2.25,3.54,1.3,-0.43,1.24,1.46,4.72,0.94,0.45,0.47,-0.5,2.28,0.57,1.74,0.45,-0.09
2007-02-01,2.51,2.99,3.36,3.79,0.09,3.76,1.92,2.6,2.3,2.6,3.83,4.59,2.81,3.39,1.97,3.1,3.9,2.8,3.05,4.5,3.3,1.62,5.5,6.1,3.35
2007-03-01,-2.26,-0.92,0.3,-0.12,1.34,-1.56,-0.22,-1.16,1.24,0.7,-0.61,-0.49,0.55,-1.5,-0.15,-2.26,-1.31,-2.0,-0.87,-0.01,-0.96,-3.56,-0.07,-0.98,-1.42
2007-04-01,-6.59,-3.56,-3.21,-2.22,-3.19,-5.07,-2.57,-2.4,-2.51,2.19,-4.53,-1.98,-1.34,-1.02,2.31,-4.9,-1.95,-2.45,-0.0,2.19,-5.69,-4.36,-2.68,0.34,-1.75
2007-05-01,-3.29,-1.42,-2.68,-1.64,2.65,-4.66,-3.42,-2.49,-1.29,-5.38,-3.26,-2.37,-2.6,-1.94,1.11,-0.3,-0.55,-1.89,-0.11,-0.82,5.51,2.59,2.56,0.7,0.16
2007-06-01,3.01,1.06,1.0,2.58,10.28,1.69,2.23,0.15,4.75,2.68,1.7,-0.26,0.7,0.41,3.18,0.06,1.75,-0.16,-0.3,0.55,-2.16,-1.28,-0.1,1.27,-0.06
2007-07-01,0.4,2.02,2.28,3.26,10.35,-1.36,0.76,0.99,1.06,3.72,-0.0,-0.0,-0.38,0.18,3.44,-2.2,-0.11,-0.81,-0.12,2.13,-1.38,-3.32,-1.49,-1.38,3.59
2007-08-01,-8.59,-4.66,-5.79,-4.14,-8.48,-8.61,-3.37,-4.92,-4.7,-6.5,-6.48,-3.71,-4.85,-2.46,-4.57,-4.04,-0.72,-3.37,-3.35,-5.45,-5.77,-0.7,-0.86,-2.28,-3.99
2007-09-01,-3.73,-1.5,-0.96,-0.21,3.05,-2.42,-0.66,-0.73,0.17,5.21,-1.76,-1.31,-1.32,-0.19,3.21,-1.11,1.28,-0.52,4.14,5.82,-4.59,-0.57,2.13,2.95,6.75
2007-10-01,6.64,-1.19,-0.02,0.96,1.48,5.64,-1.51,-0.85,-2.1,0.3,7.96,0.56,1.11,2.03,0.86,5.76,0.7,-0.61,-1.39,0.23,3.39,3.27,1.2,-3.11,-1.33
2007-11-01,-5.2,-1.36,-2.96,-2.87,-5.09,-4.13,-2.4,-0.24,-3.26,-2.07,-1.97,-2.02,1.73,-4.27,-10.72,-0.47,-1.54,-0.61,-3.48,-6.74,0.63,0.46,1.18,-1.61,-7.16
2007-12-01,-5.29,-4.15,-4.4,-3.76,-8.3,-5.4,-2.66,-3.63,-3.64,-5.64,-6.38,-3.51,-4.66,-4.56,-8.79,-4.27,-4.43,-4.02,-5.05,-6.42,-6.32,-2.73,-1.59,-3.22,-3.33
2008-01-01,-5.55,-4.29,-4.23,-1.83,-4.07,-6.32,-3.89,-2.94,-4.2,-2.95,-7.4,-4.68,-4.87,-2.53,-5.03,-4.24,-3.0,-3.08,-5.99,-4.59,-1.63,-3.43,-2.73,-5.72,-9.24
2008-02-01,6.1,4.87,3.3,2.93,1.43,0.86,1.31,1.72,0.63,4.74,2.35,2.18,-0.43,1.52,3.62,0.56,2.0,0.53,-0.47,4.93,-4.22,1.91,0.86,-0.36,4.51
2008-03-01,-2.78,-0.6,1.05,-0.35,-1.64,-2.82,2.28,-0.42,1.93,-2.08,-4.76,-0.45,-1.13,2.86,-0.38,-4.74,-5.11,-0.89,2.51,0.05,-6.31,-5.05,-4.06,-4.27,-2.44
2008-04-01,3.18,0.56,-1.27,-2.8,0.41,4.65,2.2,-0.87,0.04,-1.3,6.76,3.49,-0.54,-0.69,-3.52,11.19,7.34,6.69,1.76,-1.68,21.87,10.77,5.3,4.26,3.24
2008-05-01,6.02,5.37,3.81,1.73,1.62,6.25,7.5,4.81,4.59,1.58,5.09,5.13,3.25,-0.75,-0.32,3.24,2.93,2.64,-0.84,-0.45,1.98,3.11,1.7,2.04,1.08
2008-06-01,-6.06,-1.83,-1.98,-1.17,-1.68,-8.61,-4.36,-4.62,-2.8,-5.73,-9.88,-7.0,-5.04,-4.0,-4.56,-10.06,-9.26,-7.16,-4.59,-4.23,-10.39,-7.67,-6.54,-3.83,-4.3
2008-07-01,-6.1,-3.05,-2.59,-2.79,-3.78,-4.77,-3.73,-1.16,-2.76,-2.9,-5.85,-3.15,-1.61,-2.68,-0.18,-3.72,-2.2,-2.98,-2.8,-0.34,-1.1,-2.41,-3.32,-1.44,-5.9
2008-08-01,-12.44,-7.91,-6.39,-5.59,-7.59,-8.98,-5.69,-4.59,-4.21,-5.18,-4.82,-5.08,-3.95,-4.44,-3.18,-6.33,-5.34,-2.14,-4.26,-1.51,-7.61,-5.12,-6.09,-1.26,-2.11
2008-09-01,-8.17,-6.5,-6.17,-4.34,-6.98,-9.95,-9.99,-10.42,-8.3,-8.76,-9.58,-10.5,-8.23,-9.8,-9.04,-11.5,-9.54,-8.13,-6.84,-7.18,-10.0,-12.7,-9.06,-10.96,-10.44
2008-10-01,-13.75,-9.09,-8.15,-5.45,-10.29,-15.04,-6.77,-3.2,-2.11,-8.64,-17.21,-13.18,-6.21,-4.49,-7.47,-24.24,-15.68,-14.11,-6.65,-10.76,-18.43,-16.99,-15.92,-11.2,-6.57
2008-11-01,2.29,1.36,3.5,3.89,4.49,0.66,2.35,5.43,7.33,8.02,0.18,0.38,2.32,6.11,4.74,3.94,3.37,2.51,5.24,7.94,-2.04,-4.01,-4.31,0.85,5.15
2008-12-01,8.5,10.27,7.97,9.54,8.3,9.6,8.53,8.05,8.65,8.49,8.94,6.95,9.24,11.64,8.33,7.61,6.45,8.04,8.46,7.68,8.86,8.68,5.14,9.45,11.83
2009-01-01,-3.28,-1.42,-2.28,-0.96,-1.83,-4.65,-3.49,-6.19,-3.56,-2.26,-2.08,-5.37,-5.02,-3.52,-5.42,-5.47,-5.84,-9.18,-8.39,-7.09,-3.15,-5.79,-9.08,-9.69,-5.92
2009-02-01,-17.2,-13.14,-12.46,-11.49,-11.67,-16.01,-11.73,-15.27,-12.34,-11.34,-10.66,-14.9,-12.25,-13.57,-13.55,-9.48,-14.27,-11.59,-12.65,-13.37,-7.29,-13.76,-11.1,-14.23,-12.89
2009-03-01,10.97,6.39,2.83,2.27,0.23,10.44,5.56,4.26,2.05,0.68,9.87,4.37,1.25,-0.07,-0.46,14.93,9.32,4.46,0.96,-2.27,7.75,3.03,1.16,-4.36,-8.14
2009-04-01,18.89,6.36,3.25,1.05,1.45,26.14,7.21,2.94,-0.25,0.95,21.85,8.24,3.1,2.08,-2.17,19.2,7.82,2.81,1.09,-0.91,16.65,10.29,12.38,4.07,-0.97
2009-05-01,23.13,19.2,13.39,9.65,9.19,19.56,14.21,14.51,11.22,9.5,17.9,17.38,9.02,10.43,8.46,15.96,13.88,13.97,10.15,9.52,14.8,11.55,8.31,9.38,5.27
2009-06-01,18.25,12.84,10.16,6.89,4.15,9.81,10.33,6.93,5.36,4.29,4.97,7.46,6.78,5.33,5.29,6.03,8.18,5.76,6.1,3.96,2.36,2.07,3.26,-1.19,2.0
2009-07-01,0.74,3.67,2.14,3.37,1.96,2.96,5.06,0.59,1.8,3.02,2.41,0.59,2.46,3.91,2.9,2.55,5.08,4.4,5.49,0.28,5.25,4.31,6.17,2.4,1.05
2009-08-01,6.74,5.53,4.87,5.31,4.86,7.31,5.42,6.34,7.28,6.86,7.49,3.91,3.93,4.45,5.58,8.42,4.13,4.58,3.57,4.03,2.63,3.96,3.36,1.42,0.33
2009-09-01,-1.97,-0.23,0.09,-0.13,-0.67,-3.41,-0.97,0.7,2.52,1.01,-3.2,-0.21,0.99,0.06,1.17,-5.79,-2.82,-1.63,0.5,-0.05,-4.45,1.26,-1.59,2.55,0.29
2009-10-01,-2.91,-2.03,-2.49,-2.16,-1.89,-0.53,-3.15,-2.73,-3.02,-3.56,-0.17,-2.24,-3.42,-3.31,-1.71,-1.32,-4.66,-4.27,-2.17,-3.0,-1.66,-3.13,-1.6,-2.18,-0.24
2009-11-01,-7.26,-3.68,-3.41,-6.13,-9.24,-5.7,-2.26,-7.72,-5.98,-5.82,-2.6,-3.41,-3.75,-5.18,-8.83,-1.87,-2.7,-1.16,-3.54,-4.02,0.79,-0.71,-1.61,-4.45,-3.84
2009-12-01,-0.09,-2.91,-2.9,-0.43,0.22,-1.19,-3.24,-2.15,-0.82,0.19,-3.01,-3.4,-2.93,-0.69,1.42,-2.08,-3.25,-2.13,1.66,4.87,-4.67,-4.87,1.69,5.31,6.68
2010-01-01,3.5,4.16,3.51,3.44,6.05,3.55,1.58,3.33,3.6,2.89,2.78,2.62,2.22,5.31,0.12,1.15,3.24,1.85,1.47,2.11,7.86,3.35,2.59,-1.22,-0.9
2010-02-01,1.07,1.54,1.99,2.11,2.11,2.31,2.02,1.11,1.72,1.62,2.5,2.64,1.22,1.78,-5.75,3.82,2.36,3.38,2.36,-1.47,1.4,2.24,-0.68,-0.25,-0.56
2010-03-01,5.63,4.02,5.03,9.46,6.97,4.38,2.37,4.07,6.17,6.05,2.34,3.8,5.51,5.71,6.57,3.83,3.12,4.44,7.14,7.66,2.78,3.42,4.35,7.1,6.16
2010-04-01,7.15,5.81,6.02,9.37,12.58,4.34,2.96,5.59,6.16,6.78,2.35,5.04,3.69,2.71,3.38,1.77,1.63,1.73,2.29,2.8,0.51,-0.51,-0.43,0.1,-1.37
2010-05-01,-7.43,-5.49,-5.02,-6.66,-9.62,-7.6,-7.07,-4.76,-7.05,-8.81,-7.22,-5.69,-7.18,-8.14,-6.17,-8.24,-7.72,-7.58,-7.07,-7.7,-8.03,-4.71,-9.26,-9.71,-9.63
2010-06-01,0.68,1.8,1.57,1.25,-1.85,0.04,-0.12,-0.36,-0.15,-2.32,2.16,1.53,-0.63,1.08,2.31,-0.09,0.86,-0.22,0.07,-0.72,-1.8,0.81,-0.42,-2.15,-1.96
2010-07-01,1.61,1.81,1.83,1.61,2.53,0.61,0.38,1.51,3.43,2.44,-1.11,0.92,0.55,1.86,1.08,3.26,1.7,1.54,1.47,1.03,3.87,1.99,2.72,3.35,5.57
2010-08-01,-4.58,-1.17,-1.13,0.08,-6.2,-5.24,-3.33,-2.84,-1.58,-4.04,-3.73,-2.62,-3.11,-1.31,-3.68,-3.46,-2.85,-2.31,-1.88,-3.94,-4.03,-2.07,-2.4,-0.6,-3.04
2010-09-01,2.56,3.22,3.04,2.65,5.58,2.82,3.33,4.66,4.58,4.7,3.54,4.22,4.59,3.97,6.93,5.17,4.67,4.2,5.15,6.09,2.73,4.82,5.27,2.64,7.78
2010-10-01,-4.58,-3.31,-2.22,-1.26,-2.24,-1.58,-2.33,-2.55,-2.9,-2.44,-0.49,-0.92,-1.78,-0.71,-2.15,0.93,-1.12,0.59,-0.02,0.02,1.35,1.52,2.74,2.67,1.23
2010-11-01,7.81,3.71,1.74,0.87,5.18,4.45,1.48,1.4,0.26,3.7,4.1,1.39,-0.26,1.77,1.43,3.5,1.27,0.7,-0.51,3.16,4.84,0.19,0.88,1.02,1.84
2010-12-01,11.51,10.43,9.08,10.58,13.68,11.85,9.83,10.56,10.93,11.7,10.95,9.73,8.39,8.91,10.38,8.8,8.58,8.68,9.43,8.53,8.08,7.36,5.65,6.86,6.87
2011-01-01,2.6,3.25,3.19,4.26,4.96,0.6,2.77,0.81,4.27,3.34,-0.61,-0.82,-0.11,0.79,2.34,1.39,0.88,0.31,0.52,2.26,-0.24,-0.42,0.83,-0.27,0.78
2011-02-01,3.95,5.12,4.69,5.91,6.42,4.45,3.25,3.35,4.6,6.49,5.61,2.25,4.47,3.67,5.32,5.13,3.79,4.08,4.03,5.93,4.9,5.62,4.1,5.08,4.52
2011-03-01,-4.65,0.57,-4.27,-3.93,-7.95,-5.65,-3.84,-1.27,-4.87,-8.96,-9.42,-4.18,-5.31,-7.93,-7.86,-6.72,-6.37,-7.43,-8.49,-7.46,-15.31,-10.3,-7.79,-9.83,-4.55
